"capture_area_id","role_family","program_id","program_name","observed_set_size","replicate_count","mean_expression_smd","median_expression_smd","sd_expression_smd","mean_abs_expression_smd","median_abs_expression_smd","p90_abs_expression_smd","p95_abs_expression_smd","max_abs_expression_smd","prop_abs_expression_smd_le_0_05","prop_abs_expression_smd_le_0_10","prop_abs_expression_smd_le_0_20","mean_detection_smd","median_detection_smd","sd_detection_smd","mean_abs_detection_smd","median_abs_detection_smd","p90_abs_detection_smd","p95_abs_detection_smd","max_abs_detection_smd","prop_abs_detection_smd_le_0_05","prop_abs_detection_smd_le_0_10","prop_abs_detection_smd_le_0_20","median_abs_expression_pooled_smd","p95_abs_expression_pooled_smd","max_abs_expression_pooled_smd","median_abs_detection_pooled_smd","p95_abs_detection_pooled_smd","max_abs_detection_pooled_smd","mean_matching_distance","median_matching_distance","max_matching_distance","pool_50_total","pool_100_total","pool_200_total","complete_replicates","noncomplete_replicates"
"GSM8500534_Cap.area1_LN_V1","CONTEXT_ONLY","antigen_presentation","Immune-inflamed / antigen-presentation program",20,1000,-0.0900691505968944,-0.0956548279685991,0.0457274905589287,0.0915980539033293,0.0956548279685991,0.144389184018632,0.1570025870233,0.184602867425982,0.19,0.533,1,0.0179822706759418,0.0185225242148435,0.0110938162295363,0.0184086862119436,0.0185225242148435,0.0320447618498,0.0360950734753203,0.0494463951143028,1,1,1,0.0391144841474359,0.0654775401355244,0.0775747620668686,0.00940373375239655,0.0182258337229518,0.0248917072426097,0.147455279666677,0.14752972475422,1.5541592158619,20000,0,0,1000,0
"GSM8500534_Cap.area1_LN_V1","CONTEXT_ONLY","immune_cold_exclusion","Immune-cold / exclusion-associated program",21,1000,-0.014078071423433,-0.0141622193655586,0.0133084821734232,0.0161459993596968,0.0146386801419686,0.0311619904977195,0.0353958099883665,0.0442715826719955,1,1,1,0.0163226101085253,0.0165805550911535,0.00872925510891717,0.0165280878551801,0.0165805550911535,0.0273389883260985,0.0305869600768312,0.0408078502015142,1,1,1,0.00845710759954885,0.0207346007841229,0.0260025089920158,0.0101204118505654,0.0185352847123525,0.0246763861496043,0.0484156331904456,0.0485972196856923,0.375765960854478,21000,0,0,1000,0
"GSM8500534_Cap.area1_LN_V1","CONTEXT_ONLY","macrophage_rich","Macrophage-rich program",22,1000,-0.0122521900035739,-0.0127847003130269,0.0136585942059433,0.015154792098913,0.0137948152201187,0.0300655021948629,0.0334418941672285,0.049696264788567,1,1,1,0.0106092220046327,0.0108403380110274,0.00773886892581594,0.0113641431437208,0.0108403380110277,0.0201630287005121,0.0226960543490887,0.0372907627579368,1,1,1,0.00763228475855256,0.0187760972313217,0.0280903105889035,0.00646601933233606,0.0134526964759742,0.0219968204784852,0.0468628950642985,0.0470595134750805,0.374734182117109,22000,0,0,1000,0
"GSM8500534_Cap.area1_LN_V1","CONTEXT_ONLY","proliferative_cycling","Proliferative / cycling program",21,1000,-0.00562089895325621,-0.00569408859823262,0.00413480023779508,0.00593190709737716,0.00570451002260882,0.0110133934231427,0.0124176139139395,0.0171364553068145,1,1,1,0.00437120972028665,0.00431548694153269,0.00364830660477533,0.0047718686131743,0.00431548694153306,0.009244227290547,0.0103723107191229,0.0136278534995779,1,1,1,0.00618056636432551,0.0135402435429683,0.0187907549489688,0.00461967911456449,0.0109507351813843,0.014325783171988,0.0190799632456027,0.0189648193305444,0.15009575399242,21000,0,0,1000,0
"GSM8500534_Cap.area1_LN_V1","CONTEXT_ONLY","stromal_fibrotic","Stromal / fibrotic program",22,1000,-0.0184719496177642,-0.0185780770220705,0.0158474069142345,0.0203513348092581,0.0188830052770821,0.0395591778775553,0.0446429112647028,0.069015932741353,0.974,1,1,0.0185417477475826,0.0185731124588947,0.00951006990200163,0.0187844267811895,0.0185731124588947,0.0305697531910988,0.0337531991203381,0.0501546305310233,0.999,1,1,0.00983452228424456,0.0235324290392999,0.0366264911547702,0.0104938434463635,0.0190074154734635,0.0280472071863834,0.0636989346605047,0.0639721570733597,0.454996253220716,22000,0,0,1000,0
"GSM8500534_Cap.area1_LN_V1","CONTEXT_ONLY","t_cell_inflamed","T cell-inflamed program",22,1000,-0.0156272705242705,-0.0159554266094635,0.00720743536217432,0.0157325638406733,0.0159554266094635,0.0247256851595291,0.0272665582154699,0.033084498302193,1,1,1,0.0180336249705459,0.0182840367786009,0.0062765387152459,0.018034636735427,0.0182840367786009,0.026089080146541,0.0282607611947508,0.0379411830385983,1,1,1,0.0117196787304769,0.0201219938248321,0.024489381024796,0.0133323493619179,0.0204880696675786,0.0274162242448269,0.0410368401195313,0.0412148023302316,0.195747528082291,22000,0,0,1000,0
"GSM8500535_Cap.area2_tonsil_V1","CONTEXT_ONLY","antigen_presentation","Immune-inflamed / antigen-presentation program",20,1000,-0.161994355466671,-0.169562786195766,0.0536264847981629,0.162040591232591,0.169562786195766,0.226010584431286,0.237111282105698,0.273638401329175,0.032,0.146,0.733,0.00181654131982349,0.00234615191418829,0.00523165209907065,0.00454117623149032,0.00405043207826957,0.00894636418599292,0.0104470160707281,0.0165558644510691,1,1,1,0.0868751705536212,0.124024592945739,0.144193819767243,0.00472569754078842,0.0121450282743681,0.0193843968354786,0.21388470414465,0.217219319436351,1.76417638638483,20000,0,0,1000,0
"GSM8500535_Cap.area2_tonsil_V1","CONTEXT_ONLY","immune_cold_exclusion","Immune-cold / exclusion-associated program",21,1000,-0.0121086670280142,-0.0127773424712012,0.00952585303399307,0.0132291788324772,0.012955057361197,0.0240926524627202,0.0268937445336859,0.0351627683901415,1,1,1,0.0172179303928561,0.0176224887714463,0.00825939272919046,0.0173954200524919,0.0176224887714463,0.0273232894085517,0.0300193615543261,0.0389971342430336,1,1,1,0.010113394844249,0.0211630303523864,0.0276791964864816,0.0182856003133008,0.0311309019480432,0.0403506241173327,0.0487987424731535,0.0489623434091745,0.244880828106383,21000,0,0,1000,0
"GSM8500535_Cap.area2_tonsil_V1","CONTEXT_ONLY","macrophage_rich","Macrophage-rich program",22,1000,-0.0101746026351614,-0.0104366581442494,0.00726554176099113,0.0107282298389082,0.0104366581442494,0.0195076192326009,0.02180468122313,0.0286279694996187,1,1,1,0.0100316304779624,0.010362506310526,0.00565302107496302,0.0103398094035003,0.0103826276820027,0.0169864618006718,0.018873846445191,0.0243066167439135,1,1,1,0.00819992659657269,0.0171676908147288,0.0227021845544506,0.00950341436832331,0.0172251901599139,0.0221428034934749,0.0336130679026004,0.0336800806690765,0.188296062136729,22000,0,0,1000,0
"GSM8500535_Cap.area2_tonsil_V1","CONTEXT_ONLY","proliferative_cycling","Proliferative / cycling program",21,1000,-0.0267887910813824,-0.0269786250184144,0.0127110838556776,0.0270505168353734,0.0269786250184144,0.0433742671873055,0.0472967691931238,0.0618642285928741,0.972,1,1,0.0531418796622183,0.0534576932109909,0.0115638526664892,0.0531418796622183,0.0534576932109909,0.0674629342872454,0.0707070742656257,0.0878594894729533,0.38,1,1,0.0364874901267728,0.0639550859824586,0.0835489417686423,0.117213184108003,0.154577802460604,0.191636278817267,0.0931294740307492,0.0937119016241977,0.184769045234197,21000,0,0,1000,0
"GSM8500535_Cap.area2_tonsil_V1","CONTEXT_ONLY","stromal_fibrotic","Stromal / fibrotic program",22,1000,-0.0195216825543134,-0.0195139498630198,0.0124140667530694,0.0201715887542125,0.0195378850119132,0.0355389445331863,0.039134314428082,0.055147332959754,0.996,1,1,0.0335913419126588,0.0340856032816137,0.00905438490538577,0.0335992294902777,0.0340856032816137,0.0448304156501979,0.0470457786497879,0.0581105208248528,0.979,1,1,0.0150727572521786,0.0305189410146124,0.0430461601751868,0.0369393349744294,0.0507436027744204,0.0628218697201238,0.0708524383998659,0.0708026092665696,0.286897024886916,22000,0,0,1000,0
"GSM8500535_Cap.area2_tonsil_V1","CONTEXT_ONLY","t_cell_inflamed","T cell-inflamed program",22,1000,-0.0167357678792087,-0.0169011725199664,0.0116476191239574,0.0177450637683997,0.0170083098069638,0.0317510882907949,0.0351492196471926,0.0459608095040044,1,1,1,0.0266140551393811,0.0266406958352163,0.00890381346338764,0.0266282205849007,0.0266406958352163,0.0377517171646776,0.0402910342450431,0.0510277980650369,0.999,1,1,0.0125328745222088,0.0261056512908204,0.0339999131411877,0.0292975527037561,0.0441566940875277,0.0558145044339143,0.0631048379482788,0.0633848908116117,0.27293291008619,22000,0,0,1000,0
"GSM8500536_Cap.area3_DLBCL_V1","PRIMARY_DLBCL","antigen_presentation","Immune-inflamed / antigen-presentation program",19,1000,-0.392945864256094,-0.400516195635216,0.0839218496870118,0.392945864256094,0.400516195635216,0.499620707040695,0.518125085310508,0.580271754335713,0,0.002,0.018,-0.0393665517227274,-0.039456717072387,0.0104140726496539,0.0393665517227274,0.039456717072387,0.052688969717956,0.0561170533115073,0.0754628467201929,0.852,1,1,0.202026793084171,0.269357882754221,0.305473755555518,0.0496869983168056,0.0709802707037067,0.0958710808732195,0.474123471840906,0.48255219270184,2.57222903174102,19000,0,0,1000,0
"GSM8500536_Cap.area3_DLBCL_V1","PRIMARY_DLBCL","immune_cold_exclusion","Immune-cold / exclusion-associated program",21,1000,-0.0277885225220249,-0.0280318738822345,0.0118678464770303,0.027896689066178,0.0280318738822345,0.0429598087444635,0.0463341975500237,0.0591283179048217,0.976,1,1,0.077081872341509,0.0783204760573202,0.00739461535718773,0.077081872341509,0.0783204760573202,0.0853788205200249,0.0874148814227283,0.0944732258854325,0.001,1,1,0.0194050108984209,0.0321443573960765,0.0411613117994778,0.0832829252974525,0.0927855644221839,0.100058297725594,0.108733024074497,0.10915304777149,0.670078235883833,21000,0,0,1000,0
"GSM8500536_Cap.area3_DLBCL_V1","PRIMARY_DLBCL","macrophage_rich","Macrophage-rich program",22,1000,-0.0797849955294123,-0.0890294987518814,0.0364689837899692,0.0813003495555072,0.0890294987518814,0.116853197006534,0.125426810743544,0.143991401737465,0.187,0.684,1,0.0184108956162487,0.0185281542145998,0.0072599575432234,0.0184321446882151,0.0185281542145998,0.0274812692931235,0.0299300952697383,0.0404250637409454,1,1,1,0.0494786773321745,0.0704168499386501,0.0814926473804099,0.0180159551004874,0.0290341391932442,0.0390778589011692,0.128509048560844,0.133777577966327,1.87447701921788,22000,0,0,1000,0
"GSM8500536_Cap.area3_DLBCL_V1","PRIMARY_DLBCL","proliferative_cycling","Proliferative / cycling program",21,1000,-0.00522192355802189,-0.00506317117331985,0.00448986357693443,0.00576290332762793,0.00514405226769098,0.0109662755666473,0.0125029756882612,0.0209051453000108,1,1,1,0.00795326109813997,0.00800850621730008,0.0032862622779247,0.00797253580801889,0.00800850621730008,0.0122163654162196,0.013173314040491,0.0173743863697352,1,1,1,0.00588358005509423,0.0143825054544348,0.0241141611630748,0.0141632658644124,0.0232260697550994,0.0305910249381782,0.0268031753995448,0.0268378542247537,0.0717903273865943,21000,0,0,1000,0
"GSM8500536_Cap.area3_DLBCL_V1","PRIMARY_DLBCL","stromal_fibrotic","Stromal / fibrotic program",22,1000,-0.0783120213813592,-0.0814753965236425,0.0271739645721635,0.0783972004692216,0.0814753965236425,0.110926970796253,0.118030554492672,0.169141889049219,0.153,0.772,1,0.157917401883717,0.160793282379852,0.0156773841417321,0.157917401883717,0.160793282379852,0.174138736114843,0.176989221378628,0.189427702529688,0,0.008,1,0.0539880855441934,0.0789839198825123,0.114334557005452,0.193001069456043,0.212200165645516,0.226151589476384,0.227377409110464,0.227981482645894,1.00531680595251,22000,0,0,1000,0
"GSM8500536_Cap.area3_DLBCL_V1","PRIMARY_DLBCL","t_cell_inflamed","T cell-inflamed program",22,1000,-0.0462623787707926,-0.0561098807213066,0.0322326361992351,0.0517604215478094,0.0562215673237962,0.077281753068588,0.0815238008700791,0.0963094649832729,0.401,1,1,0.0139500157459381,0.0139932912949427,0.00586950353823492,0.0139982148603985,0.0139932912949427,0.021262028717594,0.0235877655578177,0.0304483653176996,1,1,1,0.0380168326626109,0.056007079127099,0.066582166053259,0.019854252501882,0.0331574928853795,0.0427412389974481,0.0899007494227261,0.0949793365891168,1.51651802373096,22000,0,0,1000,0
"GSM8500537_Cap.area4_DLBCL_V2","EXPLORATORY_ANTIGEN","antigen_presentation","Immune-inflamed / antigen-presentation program",13,1000,-0.265719926761836,-0.282611786714481,0.10305555728773,0.266289392163056,0.282611786714481,0.387977170152231,0.406309492483691,0.474816000145997,0.026,0.057,0.285,0.0199764653139694,0.0205939841977985,0.0147201660336094,0.0214288673235981,0.0208194657766063,0.0389481847127707,0.0426986949736105,0.0566710368070804,0.986,1,1,0.220264981668065,0.33481664313184,0.397419342965234,0.101161483170964,0.208028001537107,0.28182607470899,0.36381853545727,0.375811805402387,3.01853074928648,13000,0,0,1000,0
"GSM8500537_Cap.area4_DLBCL_V2","PRIMARY_DLBCL","immune_cold_exclusion","Immune-cold / exclusion-associated program",22,1000,-0.0335405628983235,-0.0338024141506288,0.0181584411692305,0.0340320383722924,0.0338024141506288,0.0570152963011769,0.0639621580156036,0.0839258819878952,0.81,1,1,0.062986748498392,0.0633774055828396,0.0169581844991065,0.062986748498392,0.0633774055828396,0.0842071205221191,0.0898919894181267,0.108456639406653,0.227,0.994,1,0.0285257684384559,0.053940457070331,0.0715154620527262,0.078169263272045,0.110652300639048,0.13330761152742,0.117033131000869,0.117892722248425,0.485552649302593,22000,0,0,1000,0
"GSM8500537_Cap.area4_DLBCL_V2","PRIMARY_DLBCL","macrophage_rich","Macrophage-rich program",22,1000,-0.0594535566056194,-0.0666213509273346,0.0432746825040101,0.0652291437706506,0.0669702271343625,0.108638741403779,0.118853016007972,0.151842682430848,0.336,0.844,1,0.00722111588907754,0.00741697738776015,0.012209325982322,0.0114925842558157,0.00977086841501366,0.0229260103446823,0.0269143011795381,0.0484102116925685,1,1,1,0.0384460142232384,0.0694952770984219,0.0898577966858315,0.00986808068730144,0.0269893392493162,0.0486477062666856,0.138757027833187,0.13996995908224,1.29168758651415,22000,0,0,1000,0
"GSM8500537_Cap.area4_DLBCL_V2","PRIMARY_DLBCL","proliferative_cycling","Proliferative / cycling program",22,1000,-0.023101879226067,-0.0231341978879283,0.0132737540409708,0.0235547589194601,0.0231587898785384,0.0405411843282396,0.0444397123121914,0.0609943895730624,0.988,1,1,0.0400314255484643,0.0397940822720558,0.0127647483900459,0.0400316032006173,0.0397940822720558,0.0557205977885284,0.0608503037064106,0.0847400769811195,0.775,1,1,0.0260758340878355,0.0503443302135712,0.0695218023185899,0.0756533907752842,0.114883245663929,0.159320302046934,0.0893242552754651,0.089414846707639,0.256703120833001,22000,0,0,1000,0
"GSM8500537_Cap.area4_DLBCL_V2","PRIMARY_DLBCL","stromal_fibrotic","Stromal / fibrotic program",22,1000,-0.0868443517020836,-0.0937581284965556,0.0417612948333036,0.0878563221139328,0.0937581284965556,0.135347336758782,0.144444506646597,0.200523854221021,0.188,0.558,0.999,0.108978137301786,0.110188747898406,0.024957262332694,0.10900975938502,0.110188747898406,0.1407182703915,0.147451286990208,0.178451587688752,0.019,0.316,1,0.0728939262156257,0.113506726305946,0.158906081436717,0.144105593181586,0.194039057063415,0.233904406489464,0.23165793034197,0.233862786654479,1.30116482421795,22000,0,0,1000,0
"GSM8500537_Cap.area4_DLBCL_V2","PRIMARY_DLBCL","t_cell_inflamed","T cell-inflamed program",21,1000,-0.0250732446722752,-0.0259433974344992,0.0201928253396109,0.0273585505377952,0.0261358488101214,0.0513883819142012,0.057714199655143,0.0747764642536059,0.887,1,1,0.0404200354033395,0.0411307032327247,0.0124498071502246,0.0404352965692449,0.0411307032327247,0.0554706158303786,0.0599326457399014,0.0699780290294323,0.776,1,1,0.019865883265726,0.0444158324864037,0.058052533635755,0.0556481185785568,0.0807287040771199,0.0946342559963952,0.0957721750243441,0.0952883496225799,0.565946161271437,21000,0,0,1000,0
"GSM8500538_Cap.area5_DLBCL_V2","EXPLORATORY_ANTIGEN","antigen_presentation","Immune-inflamed / antigen-presentation program",13,1000,-0.148161645672702,-0.159519806497204,0.0812803288786539,0.152360437033458,0.159519806497204,0.243761788052164,0.258775854617688,0.295969168678114,0.125,0.262,0.68,0.0429085093485228,0.0436580046869034,0.0163162821967941,0.0430712885153193,0.0436580046869034,0.0632152104063757,0.0682197478968808,0.0886329929239393,0.647,1,1,0.121383056510577,0.207846229014436,0.239302025561404,0.126604744427116,0.203229751783729,0.269665151084656,0.239708668993854,0.245218542237236,2.14692144449939,13000,0,0,1000,0
"GSM8500538_Cap.area5_DLBCL_V2","PRIMARY_DLBCL","immune_cold_exclusion","Immune-cold / exclusion-associated program",22,1000,-0.0321098796831567,-0.0342122302253363,0.0206021072214462,0.0334460154130051,0.0343244412516266,0.0582492679217206,0.0641697584303647,0.0864394253873546,0.811,1,1,0.023051115187664,0.0244360311438283,0.0100408279598101,0.0232707281809375,0.0244360311438283,0.0347085028348645,0.0372766207576234,0.0471599836724841,1,1,1,0.0248824746789579,0.0472696050149408,0.0641955005842037,0.0324479408296465,0.0495113670986663,0.062692398011516,0.0789337483833831,0.0789663382451614,0.502616919733795,22000,0,0,1000,0
"GSM8500538_Cap.area5_DLBCL_V2","PRIMARY_DLBCL","macrophage_rich","Macrophage-rich program",22,1000,-0.0766042327963405,-0.0848222081198519,0.050386523124047,0.0811617817186202,0.0855907657583341,0.135283840392183,0.143849511833434,0.170279911170761,0.272,0.605,1,0.0161719054901451,0.0164203903546111,0.00911671002893935,0.016745140539207,0.0164203903546111,0.0275489013532332,0.0298057322550517,0.0414789955403204,1,1,1,0.048516033802387,0.0839138905473034,0.100330552204719,0.018710610048599,0.0338004575217287,0.0470292921080889,0.138865299364888,0.140353246497192,1.46251834845615,22000,0,0,1000,0
"GSM8500538_Cap.area5_DLBCL_V2","PRIMARY_DLBCL","proliferative_cycling","Proliferative / cycling program",22,1000,-0.00945228153894723,-0.00967454023915737,0.0106745609175109,0.0117744470828621,0.0104569816782061,0.0231587031455872,0.0269142804330853,0.0363497534377329,1,1,1,0.0253320708336049,0.0257590009828248,0.00621077631709459,0.0253320708336049,0.0257590009828248,0.0329263846399793,0.0352571462092712,0.0427241436240815,1,1,1,0.012111952760581,0.0313702377709176,0.0423787183729679,0.0958291244766804,0.131916218452329,0.159959995049859,0.0561587754414175,0.0563693149537063,0.289457084835492,22000,0,0,1000,0
"GSM8500538_Cap.area5_DLBCL_V2","PRIMARY_DLBCL","stromal_fibrotic","Stromal / fibrotic program",22,1000,-0.066733776069898,-0.0702741801320649,0.0389041890316837,0.0689246229029455,0.0702741801320649,0.114009133807475,0.124178997364633,0.16996904678782,0.313,0.8,1,0.0304362441159668,0.0316345435030772,0.0110653645702726,0.0305397470504295,0.0316345435030772,0.0435101433519571,0.0471638747602462,0.0548643374407613,0.983,1,1,0.0459356019332408,0.0829365247130604,0.114369527423919,0.0559720642552795,0.0836025364733256,0.096896089286456,0.145216499230107,0.146667266151449,1.3383492272552,22000,0,0,1000,0
"GSM8500538_Cap.area5_DLBCL_V2","PRIMARY_DLBCL","t_cell_inflamed","T cell-inflamed program",21,1000,-0.0388847062962856,-0.039429693471266,0.0146969755329707,0.0389535414505933,0.039429693471266,0.05778125807019,0.0623894774495395,0.0830200798930391,0.779,1,1,0.0499586170458453,0.0508731931365602,0.0151244241218775,0.0499747595013598,0.0508731931365602,0.0680836595967007,0.073704984383184,0.0869898991613934,0.473,1,1,0.0441505099382431,0.069671117305685,0.0932625249577884,0.0752500753104616,0.108182731325284,0.12925295942151,0.104585559660231,0.105140759927813,0.386444785753512,21000,0,0,1000,0
"GSM8500539_Cap.area6_DLBCL_V2","EXPLORATORY_ANTIGEN","antigen_presentation","Immune-inflamed / antigen-presentation program",13,1000,-0.0251396197770714,-0.0327187823056405,0.0255066974970191,0.0315805027377995,0.0331126074990768,0.0526862571005293,0.05728279612462,0.0706629857383853,0.849,1,1,0.00849273953564558,0.00867443726050729,0.00330618514489714,0.00851482761491381,0.00867443726050729,0.0125250411176102,0.0134559563358115,0.0173911888491148,1,1,1,0.0212390730855159,0.0376205337774859,0.0463251385341125,0.0100995120129079,0.0156880127615117,0.0202864112234824,0.0513000885616137,0.0513972768877252,0.558628974783241,13000,0,0,1000,0
"GSM8500539_Cap.area6_DLBCL_V2","PRIMARY_DLBCL","immune_cold_exclusion","Immune-cold / exclusion-associated program",22,1000,-0.0157146977326112,-0.0157963242327448,0.00686596513367917,0.0157426015201486,0.0157963242327448,0.0249105956014834,0.0265306393665711,0.0335174072041619,1,1,1,0.0167318989198815,0.0169526585397148,0.00260689205145128,0.0167318989198815,0.0169526585397148,0.0198781173142672,0.0206294851448258,0.0235286898021706,1,1,1,0.0118512169264106,0.0201002952851293,0.0255079979183263,0.0198991536711926,0.024247155989635,0.0276488071063821,0.0365739066707457,0.0366422102606599,0.136443500224787,22000,0,0,1000,0
"GSM8500539_Cap.area6_DLBCL_V2","PRIMARY_DLBCL","macrophage_rich","Macrophage-rich program",22,1000,-0.0113352307667002,-0.0112498300311108,0.00333789522449864,0.0113352307667002,0.0112498300311108,0.0156908193363414,0.0169493477614317,0.0206880512544795,1,1,1,0.021851426771427,0.0221284702177695,0.00238856284363922,0.021851426771427,0.0221284702177695,0.0245288466481712,0.0253039682038217,0.0274543054227238,1,1,1,0.0097998774882218,0.014796930090312,0.0180995288103241,0.0228584112988358,0.0260979746301961,0.0283558011506415,0.031709719007763,0.0317781021072656,0.165315529619421,22000,0,0,1000,0
"GSM8500539_Cap.area6_DLBCL_V2","PRIMARY_DLBCL","proliferative_cycling","Proliferative / cycling program",22,1000,-0.00294573351418554,-0.00306391167355973,0.00526071174319371,0.00485570274414488,0.00418597788059612,0.00974533891425954,0.0114368794396892,0.0206014979435945,1,1,1,0.00352675307036856,0.00355055680330335,0.00146649342199323,0.00353850491330907,0.00355055680330335,0.00537834343937005,0.00597593715485554,0.00792624300455701,1,1,1,0.00457905923339587,0.012572803992397,0.0227494202690035,0.0129029336799792,0.0218019343194651,0.0287550102895335,0.0201329572178949,0.0201815168803339,0.130393490566367,22000,0,0,1000,0
"GSM8500539_Cap.area6_DLBCL_V2","PRIMARY_DLBCL","stromal_fibrotic","Stromal / fibrotic program",22,1000,-0.0387093449311776,-0.0442055256134563,0.0216958677506157,0.0397753651318212,0.0442055256134563,0.0631739677748096,0.0661595543508996,0.0824827381617398,0.621,1,1,0.0417203176387903,0.0425816777184877,0.00491841483805041,0.0417203176387903,0.0425816777184877,0.0472849152868065,0.0483588337001998,0.0524832304938963,0.984,1,1,0.0312484137556812,0.0472695429752725,0.0591870072109057,0.0602634724786467,0.0685024459420792,0.0743606807299983,0.0852649208144621,0.0874600771719713,0.769769429810398,22000,0,0,1000,0
"GSM8500539_Cap.area6_DLBCL_V2","PRIMARY_DLBCL","t_cell_inflamed","T cell-inflamed program",21,1000,-0.0187860704293052,-0.0223729448681151,0.0135759027160041,0.0203265855739099,0.0223729448681151,0.0346228911247122,0.0365767755791441,0.0409721544279432,1,1,1,0.00798049436947491,0.00815961293529021,0.00237643964416547,0.00798211843368675,0.00815961293529021,0.0109493361378856,0.0115269267164513,0.0160572800299615,1,1,1,0.0200331963430734,0.0335136290786849,0.0375448832479,0.0111309624130878,0.0157205096837639,0.0219075070237779,0.0333239940508999,0.0334205014960124,0.516300459061676,21000,0,0,1000,0
"GSM8500540_Cap.area7_DLBCL_V2","EXPLORATORY_ANTIGEN","antigen_presentation","Immune-inflamed / antigen-presentation program",13,1000,-0.275325097418261,-0.280443935463471,0.114107891792344,0.276418720633503,0.280443935463471,0.419607431994061,0.440061018311909,0.511101944135936,0.033,0.077,0.249,0.00871252778108022,0.00883512132901228,0.00387806444401922,0.00877202758121686,0.00883512132901228,0.0137268834207824,0.0149248659738693,0.0201660396436232,1,1,1,0.233509551144405,0.401469779547958,0.475685128171342,0.134088133268279,0.235706193422318,0.32865209339159,0.3759885006648,0.388230156014843,2.89683975854638,13000,0,0,1000,0
"GSM8500540_Cap.area7_DLBCL_V2","PRIMARY_DLBCL","immune_cold_exclusion","Immune-cold / exclusion-associated program",22,1000,-0.00972117262428218,-0.00964115585123871,0.00581183243504502,0.00995989106112603,0.0096562948756099,0.0173685002878461,0.0193173971699096,0.0241045170566647,1,1,1,0.00780682574407154,0.00787537394273419,0.00272340299590712,0.00780906742354588,0.00787537394273419,0.0113322796584211,0.0122717203328636,0.0152493195819979,1,1,1,0.00822512655027406,0.016568655067763,0.0206928486589511,0.00849814035480121,0.0132369663225382,0.0164615495745609,0.0264940816343133,0.0264810119375891,0.152266683484133,22000,0,0,1000,0
"GSM8500540_Cap.area7_DLBCL_V2","PRIMARY_DLBCL","macrophage_rich","Macrophage-rich program",22,1000,-0.0851791969333892,-0.0965528699509856,0.0578413139492331,0.0907750156063041,0.097127664929899,0.151092971293859,0.160688557001982,0.198550841896506,0.247,0.517,1,0.0158876673080974,0.0160457057110381,0.0030514501887843,0.0158876673080974,0.0160457057110381,0.0197061323263686,0.0205585604422673,0.0238620880886578,1,1,1,0.0470846727866497,0.0805406629370785,0.100758140468156,0.0146237953945772,0.0186994254177152,0.021705983099828,0.145801162929629,0.151634407799531,1.92390393044522,22000,0,0,1000,0
"GSM8500540_Cap.area7_DLBCL_V2","PRIMARY_DLBCL","proliferative_cycling","Proliferative / cycling program",22,1000,-0.00471210947115757,-0.00485860113734245,0.00349425496722225,0.00503645739500333,0.00491682069615138,0.00905668919107391,0.0103097381296769,0.0142798146817016,1,1,1,0.00707813243599907,0.00719697094392144,0.002978564633307,0.00711134468715832,0.00719697094392144,0.010827901776695,0.0116508341100366,0.0158392352331382,1,1,1,0.00549704365272697,0.0115527663680381,0.0160023273490272,0.0104247983266101,0.0167976370652593,0.0228113016413467,0.0208265638693728,0.0207976790275517,0.0697860041640675,22000,0,0,1000,0
"GSM8500540_Cap.area7_DLBCL_V2","PRIMARY_DLBCL","stromal_fibrotic","Stromal / fibrotic program",22,1000,-0.0257838493943728,-0.0280078116371094,0.0120254015848868,0.0259799977211082,0.0280078116371094,0.0398309624443155,0.0428822001069556,0.0514014393837131,0.998,1,1,0.0118262160331216,0.0118278088053798,0.00271487440338567,0.0118262160331216,0.0118278088053798,0.0152788153645551,0.0162536509780659,0.0205290646597113,1,1,1,0.0192706608313125,0.0298728746759918,0.0359864815207499,0.0115066788549646,0.0157774154722912,0.0198795678715213,0.042284717648235,0.043058126406004,0.697694445005732,22000,0,0,1000,0
"GSM8500540_Cap.area7_DLBCL_V2","PRIMARY_DLBCL","t_cell_inflamed","T cell-inflamed program",21,1000,-0.0385815068357216,-0.0458409290072222,0.0326831158968959,0.0453409151408616,0.0468639361380144,0.0742743840469258,0.0809144141549477,0.0987192063809813,0.547,1,1,0.0170227521036796,0.0171496907153165,0.00412642466961626,0.0170227521036796,0.0171496907153165,0.0222204371051968,0.0235476068641563,0.0288918212951727,1,1,1,0.0339082655388017,0.0602235320315103,0.0742351954630842,0.028414056553592,0.0390250467210309,0.0479199885655455,0.0925176373806711,0.0936257558441215,1.06675967253809,21000,0,0,1000,0
"GSM8500541_Cap.area8_LN_V2","EXPLORATORY_ANTIGEN","antigen_presentation","Immune-inflamed / antigen-presentation program",13,1000,-0.0847396264980988,-0.0982333210107689,0.0603863761965332,0.0928505454307968,0.0985196326745663,0.153952079924665,0.166027562913746,0.189962930499683,0.213,0.511,1,0.010216936994987,0.0104191557214656,0.00734346139045053,0.0108934115683883,0.0104861599383233,0.0195719317443081,0.0215117038223563,0.0301518975862339,1,1,1,0.0530343854509907,0.092359074381209,0.106708975599233,0.00909513505072307,0.0186155171848001,0.0259181928546442,0.129046369780402,0.133732671749467,1.89179138939568,13000,0,0,1000,0
"GSM8500541_Cap.area8_LN_V2","CONTEXT_ONLY","immune_cold_exclusion","Immune-cold / exclusion-associated program",22,1000,-0.0319110806184442,-0.0340194329486532,0.0232888784760001,0.0341263179770213,0.0341412926466489,0.0608406913616605,0.0672805937197942,0.0847563748520604,0.765,1,1,0.0195722454458684,0.0196779202327926,0.00726677356666371,0.0196076419462469,0.0196779202327926,0.0287844024330788,0.0314015262306398,0.0379304780342367,1,1,1,0.0218522123165715,0.0441738007656286,0.0558634303026718,0.0185140134332657,0.0295065810920984,0.0353759422680429,0.0751206383431046,0.0750535059820618,0.726203298840993,22000,0,0,1000,0
"GSM8500541_Cap.area8_LN_V2","CONTEXT_ONLY","macrophage_rich","Macrophage-rich program",22,1000,-0.0416475615938158,-0.043769043455306,0.0200006435088264,0.0419938063040581,0.043769043455306,0.0658766194471121,0.070934486946278,0.0892313657180568,0.602,1,1,0.0537782514469906,0.054361739395624,0.0108392304859333,0.0537782514469906,0.054361739395624,0.0667544738681875,0.0714482715414225,0.083185735229574,0.331,1,1,0.0291154104460021,0.0478555612797143,0.0604236647580026,0.046540549279908,0.0611120238627565,0.0707035793275946,0.100979150828198,0.100954710548516,0.628742843840035,22000,0,0,1000,0
"GSM8500541_Cap.area8_LN_V2","CONTEXT_ONLY","proliferative_cycling","Proliferative / cycling program",22,1000,-0.00953071251943459,-0.00958524575042854,0.00332205717868078,0.00953503073648002,0.00958524575042854,0.0137392754897035,0.0147638730263816,0.018974641579903,1,1,1,0.00810904524554907,0.0082354273811289,0.00338929431049923,0.00812828763837228,0.0082354273811289,0.0122779136100387,0.0134637359661193,0.0186880852110229,1,1,1,0.0146557108390989,0.0225423708904091,0.0291424220015946,0.0116218828461884,0.0189602136565317,0.0264123540836843,0.023281089857307,0.023388609537058,0.0825296812529325,22000,0,0,1000,0
"GSM8500541_Cap.area8_LN_V2","CONTEXT_ONLY","stromal_fibrotic","Stromal / fibrotic program",22,1000,-0.0810113147177103,-0.0901523141963103,0.0372147937667932,0.0819326468942754,0.0901523141963103,0.121079259561077,0.127395080294421,0.147456531629353,0.208,0.626,1,0.0300445811959958,0.0303483417674766,0.00844819386639224,0.0300445811959958,0.0303483417674766,0.040508008430927,0.0437526876322896,0.0569353104522263,0.995,1,1,0.0524760956773569,0.0755897855007182,0.0881098838987275,0.0263153328151292,0.0379303605980536,0.0490148267253591,0.128527899579197,0.133684621861914,2.11108760284483,22000,0,0,1000,0
"GSM8500541_Cap.area8_LN_V2","CONTEXT_ONLY","t_cell_inflamed","T cell-inflamed program",21,1000,-0.0222334877933571,-0.0242064143549214,0.020771410869473,0.0257739097374778,0.0249576048963469,0.0477826150216024,0.0518329228103456,0.0651625178691601,0.93,1,1,0.0225855804059437,0.0226059464971913,0.00631256780895934,0.0225975263006064,0.0226059464971913,0.0303210034668753,0.0326064853971423,0.0421009829259623,1,1,1,0.0147569083667209,0.0311646141029917,0.0393732326174224,0.0188657798009701,0.0270880916683566,0.0348739260435485,0.0597673717314865,0.059927152199914,0.705535206134239,21000,0,0,1000,0
"GSM8500542_Cap.area9_tonsil_V2","EXPLORATORY_ANTIGEN","antigen_presentation","Immune-inflamed / antigen-presentation program",13,1000,-0.167499327555907,-0.17936893630169,0.0876297683893865,0.17109863487702,0.17936893630169,0.270052463350812,0.286351857664741,0.34406229244707,0.086,0.222,0.586,0.00437454415721347,0.00496317122584647,0.00988496388543546,0.00883736725846478,0.00775967887086671,0.0172829211214759,0.0209637298326244,0.0343139046172752,1,1,1,0.102540746500949,0.170006771973024,0.207120426436785,0.0106614528818176,0.0289979662231596,0.045777204304679,0.236420474760354,0.245692161064033,2.64952456280021,13000,0,0,1000,0
"GSM8500542_Cap.area9_tonsil_V2","CONTEXT_ONLY","immune_cold_exclusion","Immune-cold / exclusion-associated program",22,1000,-0.0343477602116378,-0.0353342625162392,0.0223399202937989,0.0358037372746865,0.0354106162304846,0.0616080435940588,0.0674841638620523,0.0925803002882257,0.736,1,1,0.0404342047447796,0.0423988120594707,0.0162457124732766,0.0405650336634519,0.0423988120594707,0.0602039311687145,0.0644333913183268,0.0766989746244359,0.693,1,1,0.0282048164528149,0.0542114325199943,0.0754279841341171,0.0490472545889781,0.0740801307889992,0.0878316780106245,0.100337000944218,0.101157490193424,0.536724018161418,22000,0,0,1000,0
"GSM8500542_Cap.area9_tonsil_V2","CONTEXT_ONLY","macrophage_rich","Macrophage-rich program",22,1000,-0.029050570786382,-0.0317597733263439,0.0266314675030488,0.0333297963840888,0.0327284943008952,0.0616073463382295,0.0669871340964812,0.0867780252299979,0.742,1,1,0.0212858114739747,0.0217204588464778,0.00887330268647836,0.0213869254948693,0.0217204588464778,0.0321296054026511,0.0350832305124119,0.0446318955597942,1,1,1,0.0206011353642004,0.0430758946261968,0.0560855885632636,0.01832801418902,0.0295806489641866,0.0374970182772769,0.0824941302116047,0.0826091988865948,1.02608434935328,22000,0,0,1000,0
"GSM8500542_Cap.area9_tonsil_V2","CONTEXT_ONLY","proliferative_cycling","Proliferative / cycling program",22,1000,-0.0301955303427014,-0.0303971309545092,0.015759815839969,0.030569563178386,0.0303971309545092,0.0502222926970034,0.0552625105465119,0.0774557558399043,0.896,1,1,0.0525274535535571,0.0529985150743386,0.0138372013512978,0.0525274535535571,0.0529985150743386,0.0700890474634794,0.0749750341621866,0.0875070987660003,0.414,1,1,0.0413717326477491,0.0754251815133839,0.10732383529222,0.110539201787783,0.155828836385671,0.181397235174675,0.111367851262467,0.11149519727662,0.252787179492168,22000,0,0,1000,0
"GSM8500542_Cap.area9_tonsil_V2","CONTEXT_ONLY","stromal_fibrotic","Stromal / fibrotic program",22,1000,-0.0656689369507032,-0.0710362934333272,0.042548403286022,0.069055938103707,0.0710362934333272,0.116511625666422,0.12657734962489,0.151746671178365,0.333,0.769,1,0.081071352118069,0.0822072472585667,0.0200915338269634,0.081071352118069,0.0822072472585667,0.10486560117518,0.110498926485329,0.136754033559796,0.072,0.823,1,0.0494739322043782,0.0908473388803301,0.109195188288544,0.0887046387146415,0.118862687767971,0.146567131176592,0.177581402626145,0.177102238843218,1.53079758970896,22000,0,0,1000,0
"GSM8500542_Cap.area9_tonsil_V2","CONTEXT_ONLY","t_cell_inflamed","T cell-inflamed program",21,1000,-0.0311257027703931,-0.0318183870481138,0.0175871743931138,0.031886802451858,0.0318183870481138,0.0526677045931105,0.0586648228804383,0.0768871493401544,0.862,1,1,0.0432161206205892,0.0439811112254142,0.0126128148319046,0.0432161206205892,0.0439811112254142,0.059140558073323,0.0627307892095251,0.0786669237663082,0.697,1,1,0.023985366832662,0.0447278729931387,0.0587991649111178,0.0504981454963035,0.0719494026516726,0.0898879930903477,0.101086961262983,0.101225806776415,0.403917001320283,21000,0,0,1000,0
