"sample","Macrophage-rich program","T cell-inflamed program","Immune-inflamed / antigen-presentation program","Stromal / fibrotic program","Immune-cold / exclusion-associated program","Proliferative / cycling program"
"GSM274895",0.540383893236245,0.627620308798574,0.705998001505899,0.361791438446214,0.392878108820738,0.463096145966549
"GSM274896",0.529703665812608,0.57972346729617,0.652670593154928,0.459672720225192,0.365308731294943,0.47814516800487
"GSM274897",0.368001356394182,0.559555259157435,0.633603640690328,0.272039098445416,0.275819113528954,0.535063328474843
"GSM274898",0.387900936729379,0.498208436371243,0.611466981101703,0.261218833596792,0.288925399412601,0.555694683891262
"GSM274899",0.371089893474072,0.422160596306184,0.636268281125377,0.476767851190012,0.325609408378866,0.529961865939751
"GSM274900",0.25751092293917,0.427415528561377,0.624739985985758,0.430587778004209,0.325162193954614,0.514724665278437
"GSM274901",0.46094249398801,0.545070472159348,0.669274586138432,0.377651857658819,0.405920742216428,0.53379104761307
"GSM274902",0.227774969257429,0.254898131018111,0.553630680519779,0.230379921068036,0.267203531962937,0.506798629922274
"GSM274903",0.370305330009273,0.440073684117735,0.651863462801771,0.514288605721208,0.361380750226718,0.501641140072889
"GSM274904",0.277991419211951,0.563274513297446,0.659463152724359,0.296770083629752,0.321846548047113,0.48813012225462
"GSM274905",0.477243672426888,0.571147648361675,0.658457012971661,0.472766390828114,0.409055371057276,0.493448681053898
"GSM274906",0.292424632681939,0.498370583758175,0.6302388419769,0.457755610275236,0.333866052162368,0.469838398172942
"GSM274907",0.379974647704334,0.41515252993187,0.632121650827794,0.447679632103997,0.349689442185157,0.487288415303179
"GSM274908",0.413583467370807,0.364193829484401,0.569859251866699,0.309993675794583,0.293906797946621,0.556019720434258
"GSM274909",0.31065847359128,0.534163511844191,0.632355345912562,0.31781938052867,0.303655905742017,0.562762769882867
"GSM274910",0.298497974628575,0.464604638436799,0.629929269690837,0.344188802569433,0.281205668826234,0.574688546588115
"GSM274911",0.495463112311509,0.548623987470533,0.612105422107175,0.482383207684203,0.38177775854452,0.521326663241929
"GSM274912",0.28683401785464,0.52751201433836,0.625177820489024,0.477131729533959,0.344775638771886,0.571919343852212
"GSM274913",0.292380247119393,0.536900506846052,0.673212409606568,0.32005132477514,0.288975838171601,0.295617590839901
"GSM274914",0.326321367329894,0.56245909827677,0.618655865068587,0.242953528562448,0.283583844839971,0.464584765421789
"GSM274915",0.514874587704951,0.575618786458853,0.696780790050082,0.304942389037356,0.348914409736695,0.482271154339034
"GSM274916",0.314686862592526,0.303450780128141,0.624838612512458,0.27618160711226,0.274566321637518,0.550425244211906
"GSM274917",0.525682680425221,0.357702455870848,0.607672357315544,0.455357924782381,0.361372979386912,0.540943151610354
"GSM274918",0.320341584397347,0.412519157462645,0.62303332937156,0.360862817705193,0.26756770815414,0.485687259026504
"GSM274919",0.514311939547838,0.587631885312034,0.693629718342238,0.26628879298415,0.321019351483207,0.540314878530633
"GSM274920",0.510328989983397,0.517483825628553,0.625692658228359,0.490912914587318,0.352479142028448,0.50844585219809
"GSM274921",0.373532798711693,0.499944841564419,0.628044319840979,0.352438962881837,0.337047573283359,0.526698478604783
"GSM274922",0.218679792885897,0.333576001204604,0.620598328115831,0.152129311843111,0.215452168436404,0.523573451219337
"GSM274923",0.516116858534956,0.630431030862285,0.687483008983845,0.383585064739497,0.381030277730738,0.485762886116708
"GSM274924",0.500162333750649,0.595162436172505,0.683800670193141,0.331964962477907,0.354847120742231,0.437132174171705
"GSM274925",0.26233709530552,0.455534064774062,0.553495496016497,0.464558170327899,0.3369041007951,0.553186950714035
"GSM274926",0.507609677836722,0.602303599982772,0.6859099111887,0.524379983119742,0.420309476236321,0.517902421008527
"GSM274927",0.589003746949585,0.647700337392579,0.664759890733413,0.484436558333768,0.462532016664523,0.44687871226808
"GSM274928",0.488974940318107,0.555778137081714,0.673892182436639,0.504506447462862,0.385911251767621,0.537760921814902
"GSM274929",0.46775994077766,0.434154647082277,0.594959047430833,0.562637168626892,0.396023091504529,0.471987844813321
"GSM274930",0.430211640997611,0.375514679913985,0.656397918466265,0.403331376359465,0.346794879222576,0.585158656063114
"GSM274931",0.380750483119914,0.561276873679968,0.665719343372997,0.35800859190593,0.2932679932478,0.565492087598369
"GSM274932",0.363783831796676,0.384119707203476,0.638359033425151,0.474437052543516,0.353330304273077,0.355252948190669
"GSM274933",0.450744349004147,0.646473833704094,0.651166396979355,0.365830298206201,0.381524745628311,0.468389460973047
"GSM274934",0.508783802554658,0.652049727798261,0.693650304512096,0.447679078102359,0.376142252592062,0.480234336495487
"GSM274935",0.368978773582235,0.56747805179992,0.644261076959121,0.394045354393936,0.323851287616729,0.480863327236676
"GSM274936",0.494910128184257,0.595248269833035,0.677468970310064,0.464930384879406,0.363052917333727,0.480223762139487
"GSM274937",0.308549502833425,0.537884001065675,0.663608217866147,0.377715776678334,0.359952982341835,0.521977993303602
"GSM274938",0.507380840940574,0.611847563244076,0.678437014410916,0.313670907645327,0.346163667291222,0.487506457279035
"GSM274939",0.436213321214831,0.540210815638488,0.641034545233219,0.160817865311548,0.270424793166572,0.601656150668891
"GSM274940",0.356626660552586,0.355824907578961,0.596093053289694,0.191650294576368,0.246297407763964,0.516400084114731
"GSM274941",0.529616292711251,0.61459297309283,0.673655886727564,0.323336582995904,0.40695240844834,0.532958048064635
"GSM274942",0.513092751243531,0.415353916414929,0.642940374613852,0.47640450119643,0.414974953303953,0.520723477465121
"GSM274943",0.379731866176094,0.557847071478178,0.663507686345505,0.381186124731455,0.355194817502701,0.568628896896798
"GSM274944",0.482328725644356,0.522860012246151,0.687169972716842,0.506284288254177,0.37856161931932,0.482202787733145
"GSM274945",0.398432758454926,0.49966491384352,0.593439606578174,0.120113702118964,0.224573408646836,0.580336214864753
"GSM274946",0.505213926553177,0.535272220364198,0.663964016188679,0.490214496794155,0.379462158074753,0.52369790824492
"GSM274947",0.237399788649759,0.328131283517162,0.601112461800906,0.337727958801696,0.29487109172075,0.566202521221007
"GSM274948",0.409103464220057,0.347790182707897,0.559737652232713,0.338185948979515,0.284152114867498,0.515937914120006
"GSM274949",0.382682672502329,0.535911244102928,0.659079491790594,0.489000797733876,0.363877271810079,0.559244645047014
"GSM274950",0.403049562001335,0.384309254918699,0.615161076764247,0.395198799289578,0.307466749638521,0.492179845975158
"GSM274951",0.340591359149849,0.594081526337606,0.666435881822409,0.365509808197528,0.284819039283202,0.567691272930146
"GSM274952",0.462297657674892,0.537405836781283,0.635962555859532,0.550807406913128,0.36115924325555,0.502677427658272
"GSM274953",0.321574907794363,0.376088388833722,0.571457344928439,0.343367063445671,0.340857071112266,0.485599429868795
"GSM274954",0.30977231634155,0.332404732162236,0.48718768235298,0.306136403383111,0.294253972982525,0.534806073367368
"GSM274955",0.552539786186636,0.620047403579435,0.698091086540153,0.462229922792851,0.462703478332054,0.412695990258819
"GSM274956",0.362338834570192,0.423196880271849,0.651026521443906,0.441589876828492,0.343235843139608,0.600823783786643
"GSM274957",0.393479941252259,0.494898350642872,0.615825702468013,0.452798692675207,0.335083431101296,0.498554200921631
"GSM274958",0.351896113244114,0.52377150141709,0.653512868154861,0.310092223276973,0.338795668257238,0.530390344027613
"GSM274959",0.574142665986817,0.662682918790367,0.682097067788911,0.388868519232674,0.384857689935144,0.394108263166136
"GSM274960",0.393630834215142,0.430597812639572,0.616312860889021,0.464146918378884,0.375350232973604,0.506353754283377
"GSM274961",0.413057979117985,0.294557875579316,0.623153049281055,0.386135793161889,0.338305323946031,0.557784126366153
"GSM274962",0.507579939883603,0.581679605508616,0.689561372807242,0.471752544348197,0.39627039079796,0.524232670766424
"GSM274963",0.400138788626501,0.522701233994132,0.631767782757508,0.556046374145329,0.369049755511769,0.399703892118151
"GSM274964",0.371427070714033,0.516192629370295,0.649023672534363,0.259488846483233,0.288469062582058,0.54545823267688
"GSM274965",0.328759095851196,0.360935453377109,0.578112514345113,0.276221226869945,0.288341990382185,0.570483754667478
"GSM274966",0.30184494757211,0.342658963058951,0.587916484079062,0.395100771608616,0.343799312580975,0.568909168201171
"GSM274967",0.275750389533697,0.322384974136161,0.595160985888081,0.316750930976504,0.266075007546746,0.509332583452775
"GSM274968",0.44813815509901,0.602378777392576,0.671373021459913,0.444313643136755,0.392280234564239,0.451131255045421
"GSM274969",0.312976499083611,0.431938346074391,0.637354908277764,0.394306068088847,0.299096723073174,0.547245962788138
"GSM274970",0.294611731974035,0.366502875142938,0.551736491903907,0.479918378421272,0.403067001227544,0.543460358785657
"GSM274971",0.415875236234655,0.457554360132388,0.617273113416719,0.459215081666114,0.334019087511125,0.547263228194396
"GSM274972",0.442598340452547,0.465510732141617,0.650148704385319,0.308937093402911,0.325486249766048,0.536481344325494
"GSM274973",0.437364001331911,0.580970736867744,0.644713161128599,0.498294006845205,0.389182486262276,0.516233334822516
"GSM274974",0.49976314929904,0.456483545496672,0.656093703136262,0.406840052924314,0.37227242926281,0.462407420226653
"GSM274975",0.452454576076233,0.59180369885963,0.693441371531654,0.28677492453439,0.366986369563683,0.524013229943783
"GSM274976",0.417037752480681,0.588117695223541,0.686438172957499,0.544318074377242,0.394288431714224,0.396214683061306
"GSM274977",0.433773935739286,0.54915390141329,0.643626222692658,0.544858829824204,0.383037782930996,0.494448621092485
"GSM274978",0.42435471697132,0.496938624565532,0.599556386508076,0.402698693581991,0.31979345040903,0.536529537399714
"GSM274979",0.320300890533983,0.456393715837101,0.649442094509805,0.568850689281448,0.441418265193728,0.49892510208744
"GSM274980",0.475148252679597,0.480552776815489,0.649590007074853,0.345526860251187,0.349958473050181,0.534167541349097
"GSM274981",0.545714991955052,0.581946757072171,0.656326603206331,0.45761762788542,0.458960879639115,0.490810142694264
"GSM274982",0.49421964307758,0.525132437224526,0.62567425393372,0.542363209568526,0.391864420753065,0.524577127397005
"GSM274983",0.362334543407858,0.466932356352227,0.655585273027419,0.26245804145878,0.286867304259235,0.514920800488658
"GSM274984",0.50352548750981,0.544313416136086,0.653823918167401,0.413338151398899,0.335575536089598,0.533225381058246
"GSM274985",0.554111700709854,0.637409653493148,0.672065913508999,0.330343064398804,0.387012300389852,0.521399584251794
"GSM274986",0.366754727140758,0.569181799507905,0.654523002892626,0.451073588441697,0.374124971763169,0.521132076386304
"GSM274987",0.411974582771208,0.504092233584404,0.651829066665298,0.405034642486163,0.395975093023301,0.556455724888017
"GSM274988",0.347049746486306,0.343424255484799,0.629767952803212,0.370886371928414,0.388255239070428,0.565264318158653
"GSM274989",0.451793982553809,0.606424795658208,0.692673156770212,0.28743038940901,0.32164466738303,0.486446871257643
"GSM274990",0.446399885288635,0.607228297767916,0.67034331124027,0.457012367613466,0.369295755177787,0.518977065297451
"GSM274991",0.390114236995615,0.4695340376858,0.624616766002285,0.569640127915933,0.39878322101349,0.497376457108702
"GSM274992",0.436976533696302,0.339860177991558,0.641837690912862,0.495745431123671,0.31119988348846,0.580715944733041
"GSM274993",0.301643063451027,0.479156659556653,0.648396160792216,0.381155711688954,0.331870413329266,0.481413731133075
"GSM274994",0.263827934177229,0.480367628730692,0.508721308439599,0.434941257188512,0.370294903644695,0.567537570583076
"GSM274995",0.351292013260354,0.502913243528516,0.622964197013641,0.190818909718214,0.261909428830568,0.562145566574325
"GSM274996",0.166313757457013,0.215950634054151,0.493218105294178,0.372528751102768,0.3304768617475,0.562165485116318
"GSM274997",0.568744762753603,0.594605835713932,0.689730212634474,0.354884906218366,0.363506546429027,0.472597065477899
"GSM274998",0.429143952533644,0.446833111681502,0.626249060866835,0.327802353477402,0.268466065553631,0.539572012287437
"GSM274999",0.51396252464099,0.452849231213944,0.653290207213924,0.508469760285643,0.400406717309661,0.525283535727012
"GSM275000",0.579685302926992,0.565047165407067,0.672672283941982,0.534855769071685,0.411476542442055,0.496392081505721
"GSM275001",0.511545191736603,0.599873263139217,0.670448089204741,0.347153147971715,0.396534393480299,0.468571883021201
"GSM275002",0.398776015162463,0.522020564663274,0.660543828805638,0.311880344057333,0.323991352831622,0.498694607161016
"GSM275003",0.364837831498199,0.371246310080648,0.611415764857346,0.496866718110438,0.36788502739479,0.559901242764269
"GSM275004",0.437955145374545,0.542870097676582,0.638017193682828,0.402336252534794,0.353030296473948,0.456603437626279
"GSM275005",0.362366794932364,0.591757461992808,0.625781690364785,0.453618201625665,0.36811317019781,0.544620048854821
"GSM275006",0.588868970737669,0.589225573066854,0.688350388995792,0.568617246328816,0.420744099459518,0.453683623095051
"GSM275007",0.382882141829413,0.468866498438753,0.611733154386468,0.533921562469003,0.424718145063997,0.528768927823011
"GSM275008",0.340402864813666,0.326302636083965,0.623616798397949,0.345453312015593,0.324495137897086,0.543756891166449
"GSM275009",0.452780702363953,0.608261840264694,0.631927549496455,0.313328536290443,0.331223676362617,0.537857793546214
"GSM275010",0.417886889823916,0.269552138017553,0.582040392692132,0.306378003541065,0.311769708588653,0.565883140076423
"GSM275011",0.333637515470672,0.528431581432543,0.655286397558061,0.307275384150145,0.324229690153266,0.475702149803717
"GSM275012",0.59844210730254,0.636001719478439,0.699173787608096,0.560732261210208,0.471762426302906,0.351231819795177
"GSM275013",0.48669228923836,0.549001002059348,0.632108165913947,0.353489989351018,0.352517631088326,0.481182157163832
"GSM275014",0.454501961536345,0.493227588643572,0.662643537521737,0.386047510553766,0.383613055139547,0.550579204580384
"GSM275015",0.416452106525378,0.589269705389999,0.679495568208531,0.424023522830031,0.380161161845799,0.48127330571025
"GSM275016",0.387503686507511,0.342830232782296,0.587172088970754,0.353270946671977,0.297824327533417,0.498803627144035
"GSM275017",0.463249947931691,0.534987618805058,0.649498993916595,0.271866928469815,0.286505729741305,0.55867745149212
"GSM275018",0.420942956256243,0.355017124991294,0.607939577131138,0.388791233634466,0.287299197210676,0.517301103601448
"GSM275019",0.400436434221209,0.405881576150137,0.612383126044488,0.345558886360504,0.329398293020937,0.559585578044507
"GSM275020",0.375310475949373,0.558043344427441,0.668232740732573,0.348834918255787,0.327267615919437,0.524619767498586
"GSM275021",0.576994205626137,0.525056367368574,0.666120413453817,0.527181289850124,0.38483307809062,0.442476067937428
"GSM275022",0.375402374628887,0.535479919762933,0.634812798321063,0.377957631521985,0.36409147475845,0.50958842285034
"GSM275023",0.350610459439674,0.305881351033937,0.521222991736679,0.481631483439968,0.311489958642989,0.537677405652888
"GSM275024",0.43098215416872,0.513089645149096,0.612226118500439,0.518471190794795,0.390123912961301,0.511664405899645
"GSM275025",0.329588218812745,0.339451578234668,0.588480684060435,0.263221682126339,0.321948190975892,0.497709933980048
"GSM275026",0.55579574223483,0.638569765644229,0.696182529220775,0.414640923512852,0.396109915326281,0.371512317075788
"GSM275027",0.328088041016988,0.341265669520698,0.541245006165691,0.229194941665787,0.282458902555592,0.542733293759819
"GSM275028",0.492021913666197,0.526141086569854,0.670662130333464,0.256636086866922,0.347255886266124,0.461366302398774
"GSM275029",0.473493844063787,0.580730058074611,0.651208403147005,0.304704605552698,0.358145843309852,0.525302059915267
"GSM275030",0.515325991679399,0.579736795533567,0.668762597506904,0.310334532777536,0.367384968968916,0.522783039533146
"GSM275031",0.388458580350058,0.60390525211781,0.636122513921109,0.272419153017916,0.329164787238513,0.582866958417727
"GSM275032",0.509160966152241,0.460659016669216,0.626000312171143,0.502892286116324,0.409616557915486,0.514036860585353
"GSM275033",0.522166737765993,0.620950887572715,0.665250486290024,0.484369444893334,0.409431956629698,0.503715404164136
"GSM275034",0.371158100643984,0.510059489225709,0.616997694751553,0.443560165492758,0.370813808871522,0.574292310095196
"GSM275035",0.390859657470452,0.59422534639732,0.669032676517823,0.34308680364183,0.332832773310323,0.506014035249681
"GSM275036",0.511838583325563,0.570108425234782,0.639775640002338,0.429666456428543,0.368191861660336,0.508747288987815
"GSM275037",0.47546734058285,0.643211770138885,0.69174179174746,0.293145931567389,0.367124209886782,0.475476598651261
"GSM275038",0.495876271841196,0.655413356935563,0.65768985825193,0.515999653853439,0.413168176821882,0.270999027563865
"GSM275039",0.363719101841742,0.0280159491011255,0.52619084270099,0.308538347574329,0.311262395140376,0.537848942757648
"GSM275040",0.426831239837356,0.390782447511238,0.647824833640436,0.397469379800202,0.346496170080263,0.543287150031389
"GSM275041",0.312826169345133,0.497787985354408,0.668733650610716,0.28290390789671,0.286958226121409,0.534683238775829
"GSM275042",0.460426778449423,0.562961421695587,0.674156463432637,0.446084864262381,0.368339176593167,0.464302273636959
"GSM275043",0.528006617295131,0.663411650797604,0.680490038870479,0.531405174535176,0.414121349076588,0.309893383831351
"GSM275044",0.51061582363843,0.650683364140754,0.666816433141234,0.493204084190446,0.423986792539102,0.446533154561353
"GSM275045",0.363218496165694,0.444905995565111,0.608175960774742,0.376539471691146,0.36483246931087,0.43697326347902
"GSM275046",0.404850664564455,0.461057660889197,0.628338821459326,0.409023305324604,0.282820295428519,0.599199132015646
"GSM275047",0.504763119288961,0.511866962421076,0.658187319729206,0.520976851710073,0.378508542825962,0.528395442875071
"GSM275048",0.389353590910686,0.307630067619308,0.620699583543118,0.471582786608338,0.385304142364701,0.53866382847801
"GSM275049",0.434047313901316,0.49914890568217,0.613868436899391,0.354823574296506,0.288234245613948,0.530299653490494
"GSM275050",0.611128727929451,0.614317577530523,0.660277099406456,0.55655938405661,0.427092317475252,0.440960196150021
"GSM275051",0.320879920321216,0.54008160945378,0.62525627907768,0.385151147892777,0.351453920705463,0.557888004268075
"GSM275052",0.335316858080852,0.505585550001683,0.649916570002122,0.341773372186764,0.30548291964364,0.536469288051044
"GSM275053",0.488744591620766,0.53984444057196,0.688904053374058,0.271122654377307,0.317095855458343,0.487320823958193
"GSM275054",0.428397186198399,0.475369689895039,0.652268499042189,0.371680018374097,0.310769216115068,0.563722390125242
"GSM275055",0.387483933190926,0.487180553662666,0.624218430796576,0.471783740108428,0.337952027047879,0.443049972563761
"GSM275056",0.307324513518771,0.445345091868101,0.633470315694906,0.35011175407046,0.349602248852314,0.484374780002794
"GSM275057",0.407644773720027,0.558308755043058,0.65899292438322,0.492739818398341,0.433768363342499,0.40251732190815
"GSM275058",0.415886476956414,0.586966605032557,0.662559761064932,0.421359712785432,0.363357337900554,0.541458574750931
"GSM275059",0.513268236508953,0.588076365175318,0.679134929588567,0.536544435665783,0.422714028300682,0.514758920777269
"GSM275060",0.484776300991285,0.479079715372062,0.654318763600093,0.478183728350739,0.384218829058366,0.510617113411944
"GSM275061",0.488090256888175,0.557699674013326,0.63715419032962,0.315842186694357,0.291892773609498,0.515274951425411
"GSM275062",0.349572777961803,0.381092099207348,0.613168743411473,0.322895917433333,0.301726900181662,0.52216215490823
"GSM275063",0.305600391091189,0.512334112169003,0.617793741314122,0.37962090090364,0.366324217760781,0.432042217924357
"GSM275064",0.491692680042516,0.611573267032755,0.676318622401272,0.541328781106157,0.403230361078968,0.458164601941054
"GSM275065",0.438647193424923,0.531332100328997,0.638042715548107,0.287917192161958,0.3220135442836,0.573528096864343
"GSM275066",0.519754226945875,0.611568792885804,0.691413744415219,0.473775857383818,0.384729991592578,0.479151706879878
"GSM275067",0.528793743205466,0.653875689612297,0.672013814701174,0.379391510100468,0.397055463705661,0.397825661490664
"GSM275068",0.561766356065854,0.617207504896078,0.710274097054017,0.487751768717238,0.42367462597563,0.40479863132609
"GSM275069",0.413648481815776,0.460768235725011,0.558250566568919,0.202803734265345,0.249994859383965,0.532006931985647
"GSM275070",0.597909721446806,0.629237008811533,0.704629866105454,0.390942410667381,0.427520986333276,0.431879495343314
"GSM275071",0.435114944841419,0.55790480791247,0.704183543847486,0.33109549852775,0.344059726026057,0.499679225548369
"GSM275072",0.469798674139088,0.541997417273086,0.687308587720278,0.556644837686185,0.398997155703943,0.348409967792332
"GSM275073",0.494388235175206,0.593720514897037,0.662133992767231,0.429080849848241,0.379078312273698,0.509556054375552
"GSM275074",0.473632214634457,0.463626866984592,0.62982825650186,0.536794856091924,0.391196591800528,0.568479613623415
"GSM275075",0.453095142091982,0.607570641713353,0.671936053148555,0.351173939561259,0.354520541086781,0.53365134343435
"GSM275076",0.527622858907934,0.577518293367337,0.615891978555334,0.458001653824869,0.300495481806159,0.541675209018758
"GSM275077",0.501371800327005,0.528963585722299,0.599557226525709,0.408419178063149,0.295329102315217,0.492923581000843
"GSM275078",0.440769020251644,0.599270238798402,0.657660687862019,0.38683074652103,0.30370885327198,0.412262024204297
"GSM275079",0.428150974963493,0.60059870368298,0.63345772896822,0.262725427441602,0.254919249627485,0.502820800995591
"GSM275080",0.529515918086254,0.587191411111177,0.637940256405485,0.465715862277786,0.320593791431288,0.521578577297213
"GSM275081",0.589586051931615,0.585093089798748,0.625818965859462,0.544265602867356,0.351616778581661,0.41780819972644
"GSM275082",0.363187381997203,0.549854104367344,0.591650436547173,0.343815775837799,0.276731541660564,0.396900986431488
"GSM275083",0.44336211858008,0.452568402282143,0.606394134906809,0.556170215627595,0.341557403784296,0.512720248382879
"GSM275084",0.301750527886634,0.287670138525719,0.605956782031587,0.286499761588649,0.217439710946593,0.511149596289362
"GSM275085",0.523694185783536,0.585192168514232,0.649118684213176,0.400172735461366,0.346762840388853,0.506473249601104
"GSM275086",0.449426093051742,0.425739897842158,0.578044988193907,0.41861061596199,0.290609943887955,0.484167750991367
"GSM275087",0.394076005689962,0.127471472139047,0.473991297393871,0.432346089980797,0.242261639642738,0.547635364731111
"GSM275088",0.351713817525463,0.559408704919873,0.634683159910069,0.374684150197653,0.298751056320054,0.463767833612174
"GSM275089",0.253248522860828,0.342938551675393,0.60280223913886,0.436998569856694,0.282326931238519,0.545804032443554
"GSM275090",0.57916322428587,0.515431790273102,0.663901322422072,0.422264507424088,0.30023281070743,0.511102846415086
"GSM275091",0.494206737749361,0.516779145944102,0.610039096004429,0.421274709399225,0.290064800236282,0.515514490573332
"GSM275092",0.497341319385682,0.519468440807184,0.629567903319655,0.53000817908869,0.332271763938549,0.534292948404787
"GSM275093",0.53115357424657,0.43132421769357,0.555060302919215,0.54097926893874,0.329869099160349,0.440677450734416
"GSM275094",0.453215127871054,0.438242286201841,0.611611444399114,0.496063871834739,0.28335115590577,0.516087594605623
"GSM275095",0.444023143725055,0.593097589930731,0.66322992209843,0.497821971624576,0.335611608776981,0.521281486949541
"GSM275096",0.423651510130629,0.52029539513069,0.61262874428978,0.303613381060953,0.285671060272866,0.531458266615521
"GSM275097",0.466895964990056,0.437328946067732,0.643458688852908,0.548389509225733,0.375782001328943,0.514779548003056
"GSM275098",0.232857611673408,0.290961363690312,0.564907637121591,0.277125804265109,0.189866973375559,0.564224615504858
"GSM275099",0.350642257524852,0.463266484552669,0.616242704116926,0.312908002930435,0.232118401118289,0.598714720787742
"GSM275100",0.332849686032375,0.480012436703504,0.598916122038064,0.346365117051136,0.264912195315118,0.55543447007374
"GSM275101",0.369493139219133,0.441490020402963,0.573515871540729,0.495358018451047,0.311403804599758,0.529618411577474
"GSM275102",0.507305512240275,0.551402732075865,0.662802181715827,0.507570649463015,0.367243805942906,0.471346672903759
"GSM275103",0.451232495093043,0.564980214661987,0.655863123850954,0.358544378957309,0.277402764796385,0.546029587199972
"GSM275104",0.41773445261567,0.565455290002706,0.624021445614157,0.323506666957215,0.247351112651408,0.583310021088086
"GSM275105",0.556358531229058,0.647478443590756,0.679213086502628,0.32907250652627,0.320039878592608,0.135578143482204
"GSM275106",0.515823973116137,0.524660135536045,0.626503192353824,0.510061913315155,0.29876445584865,0.568024634839397
"GSM275107",0.472588477778835,0.543752507452406,0.639339255601839,0.456232566582028,0.290065999776185,0.540518147130504
"GSM275108",0.344142364900032,0.309190561693825,0.586352598424304,0.291480434167854,0.243102197555426,0.495743560754595
"GSM275109",0.486877343039494,0.520829454354405,0.673705915043143,0.428596926514399,0.291161501156238,0.545916086764977
"GSM275110",0.412910003874969,0.549627611893874,0.673005657933789,0.507567287515583,0.302083456740868,0.171534267197311
"GSM275111",0.381718474001708,0.548033551558936,0.641882925495363,0.440662585261664,0.295438107578373,0.469417978980936
"GSM275112",0.491179182865859,0.59039582817942,0.623780875030485,0.315078631585126,0.323939334071867,0.457849200137635
"GSM275113",0.502347169090431,0.527257271111723,0.622862349757219,0.526153085423145,0.296394846098098,0.511114723468315
"GSM275114",0.317728893831379,0.370395507478712,0.577743048221644,0.528463308858806,0.317993717458793,0.567937061320636
"GSM275115",0.428300378218218,0.467624986380559,0.620713945209423,0.363017578391075,0.215286085574028,0.500180405845381
"GSM275116",0.581347099904989,0.406008123765064,0.543097980542715,0.474164217455154,0.344119590114102,0.522470572725016
"GSM275117",0.22730508846914,0.46259091534872,0.611843411583976,0.300895521649958,0.218584288372948,0.537609683803111
"GSM275118",0.471458679519137,0.422309491257857,0.573308644756384,0.449731299559198,0.324666691774414,0.559842166911878
"GSM275119",0.347122520217316,0.383114870028692,0.643162551923202,0.337253704088674,0.268275362291416,0.54760004724477
"GSM275120",0.435658744345062,0.564578379966453,0.630669321262237,0.324569101301152,0.29510672490081,0.474040202296298
"GSM275121",0.60034855382715,0.565361383171681,0.679427124485569,0.578948470738448,0.379670219129687,0.29360915182506
"GSM275122",0.520632892324939,0.518849910320277,0.66236086399574,0.490991823051149,0.361002833974121,0.487723731023569
"GSM275123",0.563121175221477,0.563657988610172,0.69160831086362,0.443654493984906,0.325045245432844,0.517229244081636
"GSM275124",0.343061246022957,0.45295824515859,0.596145620042535,0.360776520841987,0.251221624246653,0.564475516057161
"GSM275125",0.495758769624928,0.521341828798654,0.653787724115256,0.463706740594347,0.311420875664107,0.579316504449359
"GSM275126",0.370988251398183,0.481817976463197,0.56420383958163,0.499005091121548,0.316708554041266,0.545206229375682
"GSM275127",0.386345121987868,0.430970090544051,0.594546865000945,0.458399964976169,0.271237831973759,0.52170038801731
"GSM275128",0.470313437761828,0.490085378825227,0.642503047665215,0.346998197336056,0.268899075520216,0.528039290001631
"GSM275129",0.449159884464401,0.492487288435373,0.649182703579988,0.506827853737699,0.297932928698618,0.539306987212556
"GSM275130",0.420108889847087,0.318049321820728,0.575573207537092,0.263389780935992,0.242269642101043,0.577781294224985
"GSM275131",0.474228498432333,0.540650232878085,0.658643905984153,0.332368691737772,0.282442719483859,0.52883437630672
"GSM275132",0.526957202791104,0.627376194898244,0.682748095511765,0.271293247598101,0.28095835090516,0.518983110504086
"GSM275133",0.437247359612451,0.422500994572281,0.6354113489723,0.452250235286142,0.299595421056154,0.510913365658573
"GSM275134",0.395578377031857,0.512105188854358,0.644191079617258,0.428320626762535,0.272932277138936,0.532953748785087
"GSM275135",0.572227598010954,0.570630113243316,0.666374646091056,0.463583339962144,0.365967747387512,0.510316722258624
"GSM275136",0.544757379700955,0.587332616177517,0.643137490979872,0.307308944929143,0.274039793397462,0.489351890495401
"GSM275137",0.444439293888508,0.377950426325952,0.563279156788946,0.52397006003846,0.302210573591306,0.578500292054908
"GSM275138",0.557353208879604,0.589378980160697,0.630169719236166,0.540168770495969,0.374038420452345,0.421774768698874
"GSM275139",0.481559728732071,0.357172254503386,0.573809861443109,0.377242124752176,0.278841106620255,0.531294701136585
"GSM275140",0.540044085413274,0.527426613557101,0.640939680070248,0.366135232933073,0.311720424676751,0.481078263720733
"GSM275141",0.460619215410364,0.395954167959644,0.641195245199098,0.402198940285353,0.279827096655463,0.495825562260577
"GSM275142",0.260921524640703,0.479935298197231,0.638643393903655,0.380220570333952,0.247516712157393,0.554983514506946
"GSM275143",0.307933665169802,0.341317216264467,0.528366242514848,0.320172965371236,0.223258189223247,0.586583765345956
"GSM275144",0.353686601594096,0.298708295674813,0.578652728327226,0.476901389058642,0.277546163686058,0.571733075814859
"GSM275145",0.24674490889026,0.553821774247289,0.643296909126262,0.304460981822752,0.253736710062169,0.561608642397001
"GSM275146",0.404240693200036,0.268335550366403,0.523007715001543,0.416849298251546,0.277755212249009,0.329405473364838
"GSM275147",0.282825907537369,0.545032134990622,0.634097302678132,0.422953242867529,0.292129279321203,0.45452347975201
"GSM275148",0.404945116530913,0.500085596966369,0.606724013842178,0.530206061338246,0.341270088304386,0.527373670403132
"GSM275149",0.568849984929912,0.612488399881334,0.682472366503402,0.40161124778533,0.331474149313913,0.50817657055985
"GSM275150",0.298745117820576,0.540054776159675,0.590592993132484,0.366474005606627,0.286858204150483,0.550568824878169
"GSM275151",0.337193022907749,0.52678930250056,0.655574904398154,0.352301804824388,0.278807983262083,0.51005731796099
"GSM275152",0.528441999996514,0.5239337751463,0.648717084416733,0.481128995688959,0.322758749153989,0.548401388865224
"GSM275153",0.300591716679024,0.315478858706596,0.555791346954007,0.500454735010128,0.327706251533525,0.531597866491231
"GSM275154",0.357655823195729,0.475396776393689,0.623474895553907,0.331595130036863,0.260651526173434,0.50856214809035
"GSM275155",0.378178971885801,0.406065975729325,0.607882593198572,0.207094565370833,0.231262949609621,0.550619592630563
"GSM275156",0.489594607847475,0.538982301920063,0.653215939418019,0.473666325499898,0.322548878587983,0.503562149950679
"GSM275157",0.433793096451982,0.30453372821273,0.563436605821273,0.538756763989519,0.350391576388847,0.524342834909446
"GSM275158",0.3955600550922,0.41251395386507,0.645976564907552,0.432585881003127,0.261447351665672,0.551572779010229
"GSM275159",0.535746960150711,0.570844961261024,0.650006073843284,0.40405567022993,0.285860248866095,0.469628899929132
"GSM275160",0.497040542606102,0.467767566340443,0.641736124678179,0.26989868682257,0.242371541435373,0.506136464827967
"GSM275161",0.370973993133243,0.202131503720933,0.566023701480394,0.410515983773722,0.276978508187969,0.462772773614522
"GSM275162",0.576284524122973,0.57110462453457,0.673944399959204,0.474285544439489,0.360580383020941,0.481814835591188
"GSM275163",0.454639801454362,0.549561928854218,0.663671797622339,0.387888204945785,0.351147389187262,0.512637106511257
"GSM275164",0.382032358205625,0.398941663495155,0.617941439347495,0.547369826027179,0.341924295292617,0.561649254143453
"GSM275165",0.621798055205661,0.48395297901905,0.608134506003148,0.470482361719307,0.357763523223288,0.531634612557496
"GSM275166",0.444035464520686,0.480442026533201,0.611581511881709,0.330118182761941,0.258875192656067,0.442122098078958
"GSM275167",0.553701651236176,0.590457794612118,0.656865809252409,0.286788946282503,0.29458176587322,0.497167586231745
"GSM275168",0.554533320233866,0.571483404707299,0.657368459589443,0.530903218815162,0.357299598855175,0.483994361194856
"GSM275169",0.520168618789037,0.609267905653331,0.664141905571595,0.347763853754961,0.31827919128574,0.49785496420893
"GSM275170",0.513405308641334,0.606557689996211,0.65957927986424,0.37126603426656,0.342560330057568,0.284993626869447
"GSM275171",0.423301467603684,0.483881140574228,0.618358455953344,0.487718973486881,0.308748344658494,0.522301982314855
"GSM275172",0.405947539745461,0.545585505399194,0.604514834354543,0.18675131193515,0.180701388179373,0.526211363741925
"GSM275173",0.609794647786689,0.595420051266643,0.636745098815776,0.431754284057598,0.379214282278052,0.486650680824228
"GSM275174",0.419790366136477,0.372509849132825,0.503185301905776,0.387845649992881,0.231165926967692,0.552821857660889
"GSM275175",0.340590595983453,0.415528447407316,0.556545167189366,0.383867269739318,0.304693652166015,0.530361058401289
"GSM275176",0.474978609341446,0.57856487955596,0.613841260126517,0.316681119405368,0.273225224419261,0.517196622463307
"GSM275177",0.490372909462333,0.486723116956386,0.575977217008019,0.479038418450681,0.307952222190854,0.487186278045315
"GSM275178",0.440973370814432,0.484818316082498,0.653871467576633,0.405814230733205,0.219765864594623,0.437143716232422
"GSM275179",0.292132502809243,0.417712029971271,0.562527881892678,0.349350291187601,0.256022846531407,0.541184780522112
"GSM275180",0.363457200356218,0.490777870352669,0.590957586582071,0.519124997330558,0.366694124621659,0.450458059011083
"GSM275181",0.504428127803106,0.548285370154859,0.65475815063189,0.392175268236611,0.310392058884273,0.463506339958093
"GSM275182",0.475572450402247,0.56497021204945,0.643350147009093,0.423868650857649,0.306663110176052,0.534986156344466
"GSM275183",0.601627326706754,0.637054346049545,0.683596726695444,0.404954318288088,0.353499597510497,0.443833338668296
"GSM275184",0.269034804722658,0.370028507140079,0.55198939320766,0.370661240247165,0.251632676224717,0.546372291436687
"GSM275185",0.574957200921699,0.653664922084118,0.625567716357236,0.32919800272639,0.318560479866492,0.495916917838361
"GSM275186",0.443201180309123,0.55038973567565,0.604443780056311,0.529217806062558,0.335411674660875,0.506890031495982
"GSM275187",0.48899361535337,0.477503530870118,0.598240973456738,0.57282639052236,0.424262777364592,0.420725497766037
"GSM275188",0.553301428770397,0.614352033854942,0.676815302421201,0.505166220769604,0.375928164064229,0.481370546403282
"GSM275189",0.463045926146916,0.556973778725596,0.654184109569134,0.495087768479313,0.313352413112342,0.428427947310259
"GSM275190",0.584539112276814,0.52396758418476,0.62681129206183,0.586195478437358,0.38348753668173,0.490796336553528
"GSM275191",0.347575784562227,0.377995456840128,0.593007361331042,0.372179552304705,0.271208369122221,0.540963765400994
"GSM275192",0.482470302343924,0.634324275749208,0.644646484720294,0.398883129811829,0.276672280561254,0.501266406303938
"GSM275193",0.39725833201533,0.496093886413967,0.668638658766567,0.514750341480569,0.332459438367806,0.495218820495602
"GSM275194",0.271189644293864,0.364876431383284,0.628583546452453,0.312793080161977,0.280451894438809,0.577407370989646
"GSM275195",0.355299450685645,0.478799777079575,0.569145439568242,0.460528683109272,0.334924490619298,0.464388708185372
"GSM275196",0.534136627743836,0.542734008177725,0.659314741211876,0.383406357118141,0.314662584044399,0.53059109177089
"GSM275197",0.385899713182181,0.434493672487263,0.604965734923848,0.499251675763366,0.281225592282421,0.551770587171534
"GSM275198",0.577073421584133,0.619307077426759,0.68242523915401,0.49587781133288,0.355027791103666,0.457393904271898
"GSM275199",0.395491897345342,0.487189388790188,0.633911229684105,0.373604692592334,0.306481032595325,0.552794673384947
"GSM275200",0.566422547686847,0.62985776636171,0.643572552239555,0.562047209031017,0.368203592790632,0.393589789640494
"GSM275201",0.426938266364028,0.437829124744316,0.602209490902141,0.478975861642013,0.284213335581279,0.588496902088684
"GSM275202",0.380211577983219,0.625973306253889,0.625183742604127,0.384299870062165,0.293495379406309,0.234433115438789
"GSM275203",0.519514297795491,0.475557400486184,0.589206569024948,0.419049986329076,0.291885674260123,0.537838668386286
"GSM275204",0.445776486822595,0.572568004173503,0.603415508072638,0.492246957759382,0.298615935219921,0.408995587186352
"GSM275205",0.366409185866252,0.58701707729426,0.649354206934069,0.443165367324272,0.320377984851386,0.484574809128979
"GSM275206",0.511568353381222,0.494082923734863,0.625235957799098,0.484544996473123,0.334216124186964,0.49297423287753
"GSM275207",0.338197463864679,0.523225639993602,0.597839493608833,0.283772027544637,0.251572297458655,0.451317587862677
"GSM275208",0.520700229738736,0.539142178125655,0.624685525767508,0.289381555275402,0.247475214255754,0.572708920961655
"GSM275209",0.366092220425938,0.517666028787708,0.647488122547218,0.493143659129826,0.367646944925635,0.42693476542664
"GSM275210",0.575159778139852,0.679789989664252,0.696673971915012,0.446979741923815,0.368955352905228,0.403040574673638
"GSM275211",0.291321354376116,0.54396750604262,0.640386567393884,0.448943442855701,0.266820362464651,0.431807775787936
"GSM275212",0.498307847403811,0.414771958016827,0.675534612521596,0.467896555456185,0.332189574364358,0.52546551128062
"GSM275213",0.297030076390015,0.310840092897517,0.540696788315273,0.449480870148869,0.332339715493254,0.546826003930151
"GSM275214",0.62093390772144,0.606548052394678,0.65174673958096,0.547641730026498,0.361013985272875,0.46342403456235
"GSM275215",0.490566867429571,0.555540034588296,0.655258566282586,0.545766333150623,0.338022315391971,0.451546844920206
"GSM275216",0.479391654825271,0.547973783591322,0.622243851340793,0.307897243120245,0.284468617022259,0.501357782010017
"GSM275217",0.446840086013081,0.519478930219054,0.659387061131706,0.224555259705891,0.221063943340525,0.537867209528543
"GSM275218",0.453282610863237,0.39919777887495,0.615146747843809,0.530625917920381,0.358584681335231,0.521812778874955
"GSM275219",0.528909442718758,0.527429637796259,0.60705814192087,0.552263605154266,0.372706101005512,0.496300562892316
"GSM275220",0.333731912012698,0.512147540259372,0.633719797313776,0.327596382508453,0.265558848228287,0.560354132472729
"GSM275221",0.367849671816142,0.336202013621556,0.581531450032866,0.378144093975163,0.247668923214226,0.553490363095541
"GSM275222",0.4090824556436,0.443715512587825,0.602102710932026,0.517760420171242,0.315520309881703,0.493974379002337
"GSM275223",0.535836871217553,0.615468265023303,0.632849267291044,0.358371972864474,0.326602303444812,0.415518908050252
"GSM275224",0.630990454078839,0.553967825141155,0.693210541424242,0.575241749721751,0.419384000869793,0.39484858916813
"GSM275225",0.488045310592982,0.529087729787726,0.622146865900998,0.574323363325426,0.350881771118447,0.44382366475962
"GSM275226",0.445433978843375,0.478749761461089,0.608362688438771,0.387668421553339,0.282442944423504,0.563820594143888
"GSM275227",0.349106157140947,0.443936415224854,0.613575311853864,0.440010305557103,0.279540720962005,0.531954482855414
"GSM275228",0.50599585566006,0.377396424892554,0.607461279632484,0.518194300160451,0.382613414448545,0.449869415118758
"GSM275229",0.535381190186927,0.399174330910559,0.661811243246618,0.498088499264795,0.36107494215581,0.519744050263696
"GSM275230",0.483722563624013,0.355393382608696,0.613068426994719,0.589064545065277,0.366409647977508,0.474018335992529
"GSM275231",0.538809173039607,0.583155516564644,0.682903715994256,0.555559832863877,0.391127643836737,0.34507145566995
"GSM275232",0.311847662445957,0.569841576754713,0.669306852854406,0.428283243767159,0.270886548271671,0.480601630741107
"GSM275233",0.548204440219579,0.537406775970277,0.639754768243628,0.561749718357186,0.411816824152274,0.470426877507267
"GSM275234",0.516488152985117,0.34296305697512,0.639595525398751,0.587385199159541,0.34974608219424,0.528885093582544
"GSM275235",0.52481393300181,0.529638312530242,0.63433788821069,0.4036262041616,0.354023553302382,0.492346561871376
"GSM275236",0.593309688350722,0.583930667548828,0.684429887310686,0.594433971790941,0.388169773039918,0.48122433824187
"GSM275237",0.534284086139586,0.546877870620439,0.627935757027394,0.511578118792423,0.331211252879765,0.487035121063836
"GSM275238",0.480469840624368,0.455336712773656,0.638642286440978,0.45762268454565,0.308843667144212,0.516514908060283
"GSM275239",0.348411092577173,0.540565754629584,0.609356904705399,0.330427580562256,0.282100736219639,0.472259053422798
"GSM275240",0.534356787135215,0.555634435548704,0.697622972330298,0.338481420096868,0.286535232985335,0.566509040161667
"GSM275241",0.333574574235794,0.416689958512392,0.553868201123078,0.346994964721348,0.254800495612508,0.55247186946821
"GSM275242",0.415503940006183,0.551599741746374,0.627724033152162,0.388133086643419,0.296486204590456,0.483609870665736
"GSM275243",0.354602596672993,0.447239972938356,0.657575601042515,0.410199326978846,0.291989286198045,0.53158568150959
"GSM275244",0.467198521376115,0.65056042029537,0.621670149987078,0.392376075058507,0.309813392420476,0.372313701654979
"GSM275245",0.550881885877562,0.630834615517064,0.691884130828319,0.377430562504418,0.356880264723239,0.386985251925082
"GSM275246",0.523143691036458,0.481104484809905,0.643872751113299,0.597178502359196,0.391691844538149,0.500774810598313
"GSM275247",0.552498025552606,0.618839952825708,0.681354979582519,0.366834670960401,0.338759296719087,0.489768288112072
"GSM275248",0.426572095414577,0.51569816399153,0.664755978837259,0.584536462460733,0.377831177114479,0.456629364107664
"GSM275249",0.527367135727626,0.579399843466375,0.671498141375438,0.360276426836062,0.309458667859801,0.512777125600324
"GSM275250",0.304758139982686,0.430675322951344,0.644824177791183,0.465272535991722,0.310915933102003,0.518782749002947
"GSM275251",0.312963575099884,0.495468615386727,0.649090956242992,0.476072348518849,0.328331121776166,0.490943425215336
"GSM275252",0.410064009389671,0.433090711261604,0.585556494873262,0.478652528031355,0.326441822042377,0.502290716023264
"GSM275253",0.340184413168352,0.516300077319092,0.59597627884442,0.487095576970271,0.334672788823604,0.509517289146351
"GSM275254",0.564813495903124,0.658162468472962,0.698416093349624,0.323624217110586,0.33153706665361,0.424923088063492
"GSM275255",0.441498785458172,0.63593092147616,0.640825851366188,0.445926893402103,0.309883610189857,0.43130655179944
"GSM275256",0.519823458217423,0.569236798614352,0.62272077927431,0.329178123906793,0.286422458670467,0.522894949834402
"GSM275257",0.430447062442721,0.551691687322224,0.645805886280484,0.467972750714023,0.279227183659851,0.4076922329742
"GSM275258",0.419033397328772,0.394970755208685,0.654071862977712,0.577955334292726,0.375446696108472,0.465118974348931
"GSM275259",0.506656597638329,0.172764070156597,0.50347347737298,0.64120560654745,0.387379147898444,0.486177139590984
"GSM275260",0.564623794441617,0.503578375916534,0.591684468600652,0.579575812197118,0.335418487969233,0.38355226822027
"GSM275261",0.566016811628354,0.598837717839239,0.656829353820068,0.407699042010357,0.310924659399335,0.536758261603157
"GSM275262",0.422795303212651,0.480349287653345,0.588080812482202,0.451681641889971,0.306923354033294,0.338384206328409
"GSM275263",0.499318459045038,0.50201205292504,0.656850906361416,0.531539380738291,0.382394397423636,0.476475281342999
"GSM275264",0.545259367136041,0.291654146454132,0.54037499528497,0.634505088166414,0.388106115432585,0.404299348976657
"GSM275265",0.400690871488945,-0.0843614863071791,0.38812003876704,0.628354059294627,0.356432067919199,0.277023268002643
"GSM275266",0.249442950568588,0.290285124135886,0.549507688897533,0.391591855469546,0.288863856840148,0.543932427759661
"GSM275267",0.418961676178359,0.550332911781635,0.644698830244456,0.364538059595468,0.290386710699172,0.562318241466653
"GSM275268",0.589779518609362,0.562750461140616,0.638479725723145,0.494649438561146,0.352341636135576,0.548319242974382
"GSM275269",0.293670638363589,0.355667707125913,0.603354593295462,0.376523134862475,0.280007518665034,0.555189022833814
"GSM275270",0.315911795140908,0.465607454319287,0.609219549849232,0.401267899659289,0.28897312011355,0.556144015007168
"GSM275271",0.401610967534513,0.422718932452278,0.628518328950725,0.213200981934323,0.200567730549494,0.527381731042537
"GSM275272",0.413407774727302,0.488662356136533,0.586451137134388,0.494875739199028,0.322636055450771,0.506445490828238
"GSM275273",0.31099513673858,0.246743462547845,0.532924769867813,0.296119068726936,0.177661803593377,0.568013167065631
"GSM275274",0.476084223087853,0.57600115543347,0.632937001223413,0.471137424850343,0.318677598524005,0.478518854208004
"GSM275275",0.401037086886683,0.384329612284141,0.601784633582947,0.318802050280378,0.268981393305661,0.586267887835998
"GSM275276",0.481317629288294,0.551051732854236,0.639680500544975,0.504766386200507,0.31006940163714,0.438096151702515
"GSM275277",0.449208595869833,0.554231590552333,0.660355576282583,0.406142621758864,0.271755450996173,0.45236163208497
"GSM275278",0.505146896301614,0.602084333441541,0.651237773438499,0.419631196485596,0.347542084768208,0.488210670113503
"GSM275279",0.335872518210649,0.548049619207609,0.662751326494897,0.320935970733071,0.265439347888781,0.506901861773047
"GSM275280",0.473726451736868,0.542398021713902,0.594939710875329,0.476507424929541,0.251351654509514,0.479120867611808
"GSM275281",0.416704855264385,0.485636453323173,0.629350236490571,0.431957904914782,0.300723521646735,0.554261268946839
"GSM275282",0.44463394637439,0.586263861190935,0.681691305308948,0.41161266940393,0.318050517506075,0.484066210645511
"GSM275283",0.34063383978717,0.328295223137782,0.598460534327848,0.463129151506459,0.258078451501181,0.567668563227891
"GSM275284",0.407311341742847,0.438989497366396,0.620843193335691,0.361053959481393,0.26709302268176,0.545711493940933
"GSM275285",0.534441361339521,0.469109666584359,0.628049858763451,0.476037955360819,0.336811539466925,0.557687315359535
"GSM275286",0.430411293227655,0.547676359004789,0.664025905421951,0.344727763479917,0.280499462946245,0.543730979530446
"GSM275287",0.446485515248643,0.583540303376108,0.66392468957727,0.50509742241176,0.341442040030893,0.433047800548618
"GSM275288",0.39588713545048,0.579632507430608,0.628128945851557,0.421223088389837,0.293177473970125,0.47550972360458
"GSM275289",0.558855074521183,0.581954043663188,0.666268867095815,0.560374949349524,0.384591604770915,0.440866354585812
"GSM275290",0.554595141386378,0.53933819315518,0.659298189526631,0.386778870915001,0.353771435225893,0.498678799803406
"GSM275291",0.442783670697828,0.418930082432552,0.642865686541939,0.323008537571913,0.287824841623587,0.567542027121048
"GSM275292",0.338820355684079,0.456405701087698,0.601247626001486,0.367939466008655,0.270233051550815,0.5611643572977
"GSM275293",0.477224130719162,0.39656462109584,0.665795376766543,0.484670163821672,0.336858970667846,0.553194795071364
"GSM275294",0.348105224098609,0.559312982398071,0.602040769118812,0.408554197001154,0.310667163108816,0.481949368807321
"GSM275295",0.484463303231771,0.548311173480141,0.649416912832806,0.316950266674644,0.242930639713337,0.542616807721093
"GSM275296",0.491766999150426,0.565861462952304,0.66054725047999,0.304221425570446,0.262944095930275,0.533667907564069
"GSM275297",0.397524412565323,0.35798238877951,0.579724862149725,0.386968081886868,0.263616152333406,0.500107644418594
"GSM275298",0.332196139479309,0.546322931705704,0.653349774085054,0.473141335822383,0.304260396866528,0.491677904110073
"GSM275299",0.247333677826782,0.319867769840312,0.589451245249051,0.376465617570985,0.2504295928176,0.581439113682114
"GSM275300",0.542809606485758,0.606724441310129,0.644918499653325,0.199354130783533,0.260428128080387,0.530159101462084
"GSM275301",0.5861020206565,0.672353081921562,0.679211945452909,0.494531367368865,0.385819034991962,0.38961368437488
"GSM275302",0.547123590764465,0.553627974632344,0.639051586901523,0.464288005541981,0.323841589781434,0.485538191744061
"GSM275303",0.487171363053836,0.399015184071968,0.607612386716699,0.578222906712084,0.337441128718786,0.54596009048755
"GSM275304",0.630861484044949,0.614618569064475,0.661786022270442,0.421854394393817,0.357133743530421,0.416565492781813
"GSM275305",0.335518558210096,0.341352360830857,0.545419759532026,0.28580165713579,0.249680957637337,0.536545301108447
"GSM275306",0.468621638074023,0.381911151428991,0.624702638746827,0.522293299370031,0.318078629944216,0.54146310597828
"GSM275307",0.264105646712976,0.416889059607477,0.593472412289106,0.358366221730209,0.294857132037628,0.56545358054715
"GSM275308",0.566182028695732,0.584144082914864,0.677131097798115,0.568481956319547,0.340624005166005,0.533191229242979
"GSM361239",0.187074086547012,0.611850431003513,0.625655651078514,0.0441093151372245,0.21527414325266,0.428224904454394
"GSM361240",-0.12656282514183,0.162634346080846,0.565760944582181,-0.289725902945983,-0.000506564542692518,0.564000875716784
"GSM361241",0.199285763543213,0.617138546475046,0.639915205978649,-0.063642736038963,0.123665751438013,0.553297269239108
"GSM361242",-0.123621916613566,0.395919206263586,0.623699921515201,-0.177827875968979,0.0918287907914993,0.589978505062192
"GSM361243",-0.0798572903396214,0.0538217310819983,0.516216983104322,-0.127830213793933,-0.03319935006963,0.415238224147975
"GSM361244",0.0340074449058323,0.517086579067485,0.597277463161564,-0.0212639893176658,0.136857156129165,0.343561559506691
