"endpoint_type","role_family","family_label","expected_test_count","observed_valid_test_count","capture_area_id","program_id","raw_p","BH_FDR","evaluability","exclusion_failure_reason"
"MATCHED_NULL_MORAN","PRIMARY_DLBCL","06P_MATCHED_NULL_MORAN_PRIMARY_DLBCL_BH",26,26,"GSM8500536_Cap.area3_DLBCL_V1","macrophage_rich",0.01998001998002,0.025974025974026,"EVALUABLE",""
"MATCHED_NULL_MORAN","PRIMARY_DLBCL","06P_MATCHED_NULL_MORAN_PRIMARY_DLBCL_BH",26,26,"GSM8500536_Cap.area3_DLBCL_V1","t_cell_inflamed",0.000999000999000999,0.00185528756957328,"EVALUABLE",""
"MATCHED_NULL_MORAN","PRIMARY_DLBCL","06P_MATCHED_NULL_MORAN_PRIMARY_DLBCL_BH",26,26,"GSM8500536_Cap.area3_DLBCL_V1","antigen_presentation",0.593406593406593,0.593406593406593,"EVALUABLE",""
"MATCHED_NULL_MORAN","PRIMARY_DLBCL","06P_MATCHED_NULL_MORAN_PRIMARY_DLBCL_BH",26,26,"GSM8500536_Cap.area3_DLBCL_V1","stromal_fibrotic",0.000999000999000999,0.00185528756957328,"EVALUABLE",""
"MATCHED_NULL_MORAN","PRIMARY_DLBCL","06P_MATCHED_NULL_MORAN_PRIMARY_DLBCL_BH",26,26,"GSM8500536_Cap.area3_DLBCL_V1","immune_cold_exclusion",0.000999000999000999,0.00185528756957328,"EVALUABLE",""
"MATCHED_NULL_MORAN","PRIMARY_DLBCL","06P_MATCHED_NULL_MORAN_PRIMARY_DLBCL_BH",26,26,"GSM8500536_Cap.area3_DLBCL_V1","proliferative_cycling",0.000999000999000999,0.00185528756957328,"EVALUABLE",""
"MATCHED_NULL_MORAN","PRIMARY_DLBCL","06P_MATCHED_NULL_MORAN_PRIMARY_DLBCL_BH",26,26,"GSM8500537_Cap.area4_DLBCL_V2","macrophage_rich",0.000999000999000999,0.00185528756957328,"EVALUABLE",""
"MATCHED_NULL_MORAN","PRIMARY_DLBCL","06P_MATCHED_NULL_MORAN_PRIMARY_DLBCL_BH",26,26,"GSM8500537_Cap.area4_DLBCL_V2","t_cell_inflamed",0.000999000999000999,0.00185528756957328,"EVALUABLE",""
"MATCHED_NULL_MORAN","PRIMARY_DLBCL","06P_MATCHED_NULL_MORAN_PRIMARY_DLBCL_BH",26,26,"GSM8500537_Cap.area4_DLBCL_V2","stromal_fibrotic",0.000999000999000999,0.00185528756957328,"EVALUABLE",""
"MATCHED_NULL_MORAN","PRIMARY_DLBCL","06P_MATCHED_NULL_MORAN_PRIMARY_DLBCL_BH",26,26,"GSM8500537_Cap.area4_DLBCL_V2","immune_cold_exclusion",0.003996003996004,0.00611153552330023,"EVALUABLE",""
"MATCHED_NULL_MORAN","PRIMARY_DLBCL","06P_MATCHED_NULL_MORAN_PRIMARY_DLBCL_BH",26,26,"GSM8500537_Cap.area4_DLBCL_V2","proliferative_cycling",0.003996003996004,0.00611153552330023,"EVALUABLE",""
"MATCHED_NULL_MORAN","PRIMARY_DLBCL","06P_MATCHED_NULL_MORAN_PRIMARY_DLBCL_BH",26,26,"GSM8500538_Cap.area5_DLBCL_V2","macrophage_rich",0.047952047952048,0.0566706021251476,"EVALUABLE",""
"MATCHED_NULL_MORAN","PRIMARY_DLBCL","06P_MATCHED_NULL_MORAN_PRIMARY_DLBCL_BH",26,26,"GSM8500538_Cap.area5_DLBCL_V2","t_cell_inflamed",0.002997002997003,0.00519480519480519,"EVALUABLE",""
"MATCHED_NULL_MORAN","PRIMARY_DLBCL","06P_MATCHED_NULL_MORAN_PRIMARY_DLBCL_BH",26,26,"GSM8500538_Cap.area5_DLBCL_V2","stromal_fibrotic",0.233766233766234,0.243116883116883,"EVALUABLE",""
"MATCHED_NULL_MORAN","PRIMARY_DLBCL","06P_MATCHED_NULL_MORAN_PRIMARY_DLBCL_BH",26,26,"GSM8500538_Cap.area5_DLBCL_V2","immune_cold_exclusion",0.012987012987013,0.0177717019822283,"EVALUABLE",""
"MATCHED_NULL_MORAN","PRIMARY_DLBCL","06P_MATCHED_NULL_MORAN_PRIMARY_DLBCL_BH",26,26,"GSM8500538_Cap.area5_DLBCL_V2","proliferative_cycling",0.000999000999000999,0.00185528756957328,"EVALUABLE",""
"MATCHED_NULL_MORAN","PRIMARY_DLBCL","06P_MATCHED_NULL_MORAN_PRIMARY_DLBCL_BH",26,26,"GSM8500539_Cap.area6_DLBCL_V2","macrophage_rich",0.000999000999000999,0.00185528756957328,"EVALUABLE",""
"MATCHED_NULL_MORAN","PRIMARY_DLBCL","06P_MATCHED_NULL_MORAN_PRIMARY_DLBCL_BH",26,26,"GSM8500539_Cap.area6_DLBCL_V2","t_cell_inflamed",0.00999000999000999,0.0144300144300144,"EVALUABLE",""
"MATCHED_NULL_MORAN","PRIMARY_DLBCL","06P_MATCHED_NULL_MORAN_PRIMARY_DLBCL_BH",26,26,"GSM8500539_Cap.area6_DLBCL_V2","stromal_fibrotic",0.000999000999000999,0.00185528756957328,"EVALUABLE",""
"MATCHED_NULL_MORAN","PRIMARY_DLBCL","06P_MATCHED_NULL_MORAN_PRIMARY_DLBCL_BH",26,26,"GSM8500539_Cap.area6_DLBCL_V2","immune_cold_exclusion",0.000999000999000999,0.00185528756957328,"EVALUABLE",""
"MATCHED_NULL_MORAN","PRIMARY_DLBCL","06P_MATCHED_NULL_MORAN_PRIMARY_DLBCL_BH",26,26,"GSM8500539_Cap.area6_DLBCL_V2","proliferative_cycling",0.000999000999000999,0.00185528756957328,"EVALUABLE",""
"MATCHED_NULL_MORAN","PRIMARY_DLBCL","06P_MATCHED_NULL_MORAN_PRIMARY_DLBCL_BH",26,26,"GSM8500540_Cap.area7_DLBCL_V2","macrophage_rich",0.000999000999000999,0.00185528756957328,"EVALUABLE",""
"MATCHED_NULL_MORAN","PRIMARY_DLBCL","06P_MATCHED_NULL_MORAN_PRIMARY_DLBCL_BH",26,26,"GSM8500540_Cap.area7_DLBCL_V2","t_cell_inflamed",0.000999000999000999,0.00185528756957328,"EVALUABLE",""
"MATCHED_NULL_MORAN","PRIMARY_DLBCL","06P_MATCHED_NULL_MORAN_PRIMARY_DLBCL_BH",26,26,"GSM8500540_Cap.area7_DLBCL_V2","stromal_fibrotic",0.0559440559440559,0.0632411067193676,"EVALUABLE",""
"MATCHED_NULL_MORAN","PRIMARY_DLBCL","06P_MATCHED_NULL_MORAN_PRIMARY_DLBCL_BH",26,26,"GSM8500540_Cap.area7_DLBCL_V2","immune_cold_exclusion",0.112887112887113,0.122294372294372,"EVALUABLE",""
"MATCHED_NULL_MORAN","PRIMARY_DLBCL","06P_MATCHED_NULL_MORAN_PRIMARY_DLBCL_BH",26,26,"GSM8500540_Cap.area7_DLBCL_V2","proliferative_cycling",0.034965034965035,0.0432900432900433,"EVALUABLE",""
"MATCHED_NULL_MORAN","EXPLORATORY_ANTIGEN","06P_MATCHED_NULL_MORAN_EXPLORATORY_ANTIGEN_BH",6,6,"GSM8500537_Cap.area4_DLBCL_V2","antigen_presentation",0.002997002997003,0.00799200799200799,"EVALUABLE",""
"MATCHED_NULL_MORAN","EXPLORATORY_ANTIGEN","06P_MATCHED_NULL_MORAN_EXPLORATORY_ANTIGEN_BH",6,6,"GSM8500538_Cap.area5_DLBCL_V2","antigen_presentation",0.000999000999000999,0.00599400599400599,"EVALUABLE",""
"MATCHED_NULL_MORAN","EXPLORATORY_ANTIGEN","06P_MATCHED_NULL_MORAN_EXPLORATORY_ANTIGEN_BH",6,6,"GSM8500539_Cap.area6_DLBCL_V2","antigen_presentation",0.003996003996004,0.00799200799200799,"EVALUABLE",""
"MATCHED_NULL_MORAN","EXPLORATORY_ANTIGEN","06P_MATCHED_NULL_MORAN_EXPLORATORY_ANTIGEN_BH",6,6,"GSM8500540_Cap.area7_DLBCL_V2","antigen_presentation",0.018981018981019,0.0275724275724276,"EVALUABLE",""
"MATCHED_NULL_MORAN","EXPLORATORY_ANTIGEN","06P_MATCHED_NULL_MORAN_EXPLORATORY_ANTIGEN_BH",6,6,"GSM8500541_Cap.area8_LN_V2","antigen_presentation",0.048951048951049,0.048951048951049,"EVALUABLE",""
"MATCHED_NULL_MORAN","EXPLORATORY_ANTIGEN","06P_MATCHED_NULL_MORAN_EXPLORATORY_ANTIGEN_BH",6,6,"GSM8500542_Cap.area9_tonsil_V2","antigen_presentation",0.022977022977023,0.0275724275724276,"EVALUABLE",""
"MATCHED_NULL_MORAN","CONTEXT_ONLY","06P_MATCHED_NULL_MORAN_CONTEXT_ONLY_BH",22,22,"GSM8500534_Cap.area1_LN_V1","macrophage_rich",0.000999000999000999,0.00183150183150183,"EVALUABLE",""
"MATCHED_NULL_MORAN","CONTEXT_ONLY","06P_MATCHED_NULL_MORAN_CONTEXT_ONLY_BH",22,22,"GSM8500534_Cap.area1_LN_V1","t_cell_inflamed",0.000999000999000999,0.00183150183150183,"EVALUABLE",""
"MATCHED_NULL_MORAN","CONTEXT_ONLY","06P_MATCHED_NULL_MORAN_CONTEXT_ONLY_BH",22,22,"GSM8500534_Cap.area1_LN_V1","antigen_presentation",0.000999000999000999,0.00183150183150183,"EVALUABLE",""
"MATCHED_NULL_MORAN","CONTEXT_ONLY","06P_MATCHED_NULL_MORAN_CONTEXT_ONLY_BH",22,22,"GSM8500534_Cap.area1_LN_V1","stromal_fibrotic",0.00899100899100899,0.0141287284144427,"EVALUABLE",""
"MATCHED_NULL_MORAN","CONTEXT_ONLY","06P_MATCHED_NULL_MORAN_CONTEXT_ONLY_BH",22,22,"GSM8500534_Cap.area1_LN_V1","immune_cold_exclusion",0.0709290709290709,0.0866910866910867,"EVALUABLE",""
"MATCHED_NULL_MORAN","CONTEXT_ONLY","06P_MATCHED_NULL_MORAN_CONTEXT_ONLY_BH",22,22,"GSM8500534_Cap.area1_LN_V1","proliferative_cycling",0.000999000999000999,0.00183150183150183,"EVALUABLE",""
"MATCHED_NULL_MORAN","CONTEXT_ONLY","06P_MATCHED_NULL_MORAN_CONTEXT_ONLY_BH",22,22,"GSM8500535_Cap.area2_tonsil_V1","macrophage_rich",0.013986013986014,0.0205128205128205,"EVALUABLE",""
"MATCHED_NULL_MORAN","CONTEXT_ONLY","06P_MATCHED_NULL_MORAN_CONTEXT_ONLY_BH",22,22,"GSM8500535_Cap.area2_tonsil_V1","t_cell_inflamed",0.000999000999000999,0.00183150183150183,"EVALUABLE",""
"MATCHED_NULL_MORAN","CONTEXT_ONLY","06P_MATCHED_NULL_MORAN_CONTEXT_ONLY_BH",22,22,"GSM8500535_Cap.area2_tonsil_V1","antigen_presentation",0.002997002997003,0.00507185122569738,"EVALUABLE",""
"MATCHED_NULL_MORAN","CONTEXT_ONLY","06P_MATCHED_NULL_MORAN_CONTEXT_ONLY_BH",22,22,"GSM8500535_Cap.area2_tonsil_V1","stromal_fibrotic",0.016983016983017,0.021978021978022,"EVALUABLE",""
"MATCHED_NULL_MORAN","CONTEXT_ONLY","06P_MATCHED_NULL_MORAN_CONTEXT_ONLY_BH",22,22,"GSM8500535_Cap.area2_tonsil_V1","immune_cold_exclusion",0.016983016983017,0.021978021978022,"EVALUABLE",""
"MATCHED_NULL_MORAN","CONTEXT_ONLY","06P_MATCHED_NULL_MORAN_CONTEXT_ONLY_BH",22,22,"GSM8500535_Cap.area2_tonsil_V1","proliferative_cycling",0.000999000999000999,0.00183150183150183,"EVALUABLE",""
"MATCHED_NULL_MORAN","CONTEXT_ONLY","06P_MATCHED_NULL_MORAN_CONTEXT_ONLY_BH",22,22,"GSM8500541_Cap.area8_LN_V2","macrophage_rich",0.000999000999000999,0.00183150183150183,"EVALUABLE",""
"MATCHED_NULL_MORAN","CONTEXT_ONLY","06P_MATCHED_NULL_MORAN_CONTEXT_ONLY_BH",22,22,"GSM8500541_Cap.area8_LN_V2","t_cell_inflamed",0.000999000999000999,0.00183150183150183,"EVALUABLE",""
"MATCHED_NULL_MORAN","CONTEXT_ONLY","06P_MATCHED_NULL_MORAN_CONTEXT_ONLY_BH",22,22,"GSM8500541_Cap.area8_LN_V2","stromal_fibrotic",0.000999000999000999,0.00183150183150183,"EVALUABLE",""
"MATCHED_NULL_MORAN","CONTEXT_ONLY","06P_MATCHED_NULL_MORAN_CONTEXT_ONLY_BH",22,22,"GSM8500541_Cap.area8_LN_V2","immune_cold_exclusion",0.268731268731269,0.268731268731269,"EVALUABLE",""
"MATCHED_NULL_MORAN","CONTEXT_ONLY","06P_MATCHED_NULL_MORAN_CONTEXT_ONLY_BH",22,22,"GSM8500541_Cap.area8_LN_V2","proliferative_cycling",0.000999000999000999,0.00183150183150183,"EVALUABLE",""
"MATCHED_NULL_MORAN","CONTEXT_ONLY","06P_MATCHED_NULL_MORAN_CONTEXT_ONLY_BH",22,22,"GSM8500542_Cap.area9_tonsil_V2","macrophage_rich",0.130869130869131,0.137100994243851,"EVALUABLE",""
"MATCHED_NULL_MORAN","CONTEXT_ONLY","06P_MATCHED_NULL_MORAN_CONTEXT_ONLY_BH",22,22,"GSM8500542_Cap.area9_tonsil_V2","t_cell_inflamed",0.000999000999000999,0.00183150183150183,"EVALUABLE",""
"MATCHED_NULL_MORAN","CONTEXT_ONLY","06P_MATCHED_NULL_MORAN_CONTEXT_ONLY_BH",22,22,"GSM8500542_Cap.area9_tonsil_V2","stromal_fibrotic",0.12987012987013,0.137100994243851,"EVALUABLE",""
"MATCHED_NULL_MORAN","CONTEXT_ONLY","06P_MATCHED_NULL_MORAN_CONTEXT_ONLY_BH",22,22,"GSM8500542_Cap.area9_tonsil_V2","immune_cold_exclusion",0.0769230769230769,0.0890688259109312,"EVALUABLE",""
"MATCHED_NULL_MORAN","CONTEXT_ONLY","06P_MATCHED_NULL_MORAN_CONTEXT_ONLY_BH",22,22,"GSM8500542_Cap.area9_tonsil_V2","proliferative_cycling",0.000999000999000999,0.00183150183150183,"EVALUABLE",""
"MATCHED_NULL_GEARY","PRIMARY_DLBCL","06P_MATCHED_NULL_GEARY_PRIMARY_DLBCL_BH",26,26,"GSM8500536_Cap.area3_DLBCL_V1","macrophage_rich",0.020979020979021,0.0287081339712919,"EVALUABLE",""
"MATCHED_NULL_GEARY","PRIMARY_DLBCL","06P_MATCHED_NULL_GEARY_PRIMARY_DLBCL_BH",26,26,"GSM8500536_Cap.area3_DLBCL_V1","t_cell_inflamed",0.000999000999000999,0.00185528756957328,"EVALUABLE",""
"MATCHED_NULL_GEARY","PRIMARY_DLBCL","06P_MATCHED_NULL_GEARY_PRIMARY_DLBCL_BH",26,26,"GSM8500536_Cap.area3_DLBCL_V1","antigen_presentation",0.869130869130869,0.903896103896104,"EVALUABLE",""
"MATCHED_NULL_GEARY","PRIMARY_DLBCL","06P_MATCHED_NULL_GEARY_PRIMARY_DLBCL_BH",26,26,"GSM8500536_Cap.area3_DLBCL_V1","stromal_fibrotic",0.000999000999000999,0.00185528756957328,"EVALUABLE",""
"MATCHED_NULL_GEARY","PRIMARY_DLBCL","06P_MATCHED_NULL_GEARY_PRIMARY_DLBCL_BH",26,26,"GSM8500536_Cap.area3_DLBCL_V1","immune_cold_exclusion",0.000999000999000999,0.00185528756957328,"EVALUABLE",""
"MATCHED_NULL_GEARY","PRIMARY_DLBCL","06P_MATCHED_NULL_GEARY_PRIMARY_DLBCL_BH",26,26,"GSM8500536_Cap.area3_DLBCL_V1","proliferative_cycling",0.000999000999000999,0.00185528756957328,"EVALUABLE",""
"MATCHED_NULL_GEARY","PRIMARY_DLBCL","06P_MATCHED_NULL_GEARY_PRIMARY_DLBCL_BH",26,26,"GSM8500537_Cap.area4_DLBCL_V2","macrophage_rich",0.000999000999000999,0.00185528756957328,"EVALUABLE",""
"MATCHED_NULL_GEARY","PRIMARY_DLBCL","06P_MATCHED_NULL_GEARY_PRIMARY_DLBCL_BH",26,26,"GSM8500537_Cap.area4_DLBCL_V2","t_cell_inflamed",0.003996003996004,0.00649350649350649,"EVALUABLE",""
"MATCHED_NULL_GEARY","PRIMARY_DLBCL","06P_MATCHED_NULL_GEARY_PRIMARY_DLBCL_BH",26,26,"GSM8500537_Cap.area4_DLBCL_V2","stromal_fibrotic",0.000999000999000999,0.00185528756957328,"EVALUABLE",""
"MATCHED_NULL_GEARY","PRIMARY_DLBCL","06P_MATCHED_NULL_GEARY_PRIMARY_DLBCL_BH",26,26,"GSM8500537_Cap.area4_DLBCL_V2","immune_cold_exclusion",0.004995004995005,0.00763941940412529,"EVALUABLE",""
"MATCHED_NULL_GEARY","PRIMARY_DLBCL","06P_MATCHED_NULL_GEARY_PRIMARY_DLBCL_BH",26,26,"GSM8500537_Cap.area4_DLBCL_V2","proliferative_cycling",0.003996003996004,0.00649350649350649,"EVALUABLE",""
"MATCHED_NULL_GEARY","PRIMARY_DLBCL","06P_MATCHED_NULL_GEARY_PRIMARY_DLBCL_BH",26,26,"GSM8500538_Cap.area5_DLBCL_V2","macrophage_rich",0.154845154845155,0.167748917748918,"EVALUABLE",""
"MATCHED_NULL_GEARY","PRIMARY_DLBCL","06P_MATCHED_NULL_GEARY_PRIMARY_DLBCL_BH",26,26,"GSM8500538_Cap.area5_DLBCL_V2","t_cell_inflamed",0.000999000999000999,0.00185528756957328,"EVALUABLE",""
"MATCHED_NULL_GEARY","PRIMARY_DLBCL","06P_MATCHED_NULL_GEARY_PRIMARY_DLBCL_BH",26,26,"GSM8500538_Cap.area5_DLBCL_V2","stromal_fibrotic",0.94005994005994,0.94005994005994,"EVALUABLE",""
"MATCHED_NULL_GEARY","PRIMARY_DLBCL","06P_MATCHED_NULL_GEARY_PRIMARY_DLBCL_BH",26,26,"GSM8500538_Cap.area5_DLBCL_V2","immune_cold_exclusion",0.024975024975025,0.0324675324675325,"EVALUABLE",""
"MATCHED_NULL_GEARY","PRIMARY_DLBCL","06P_MATCHED_NULL_GEARY_PRIMARY_DLBCL_BH",26,26,"GSM8500538_Cap.area5_DLBCL_V2","proliferative_cycling",0.000999000999000999,0.00185528756957328,"EVALUABLE",""
"MATCHED_NULL_GEARY","PRIMARY_DLBCL","06P_MATCHED_NULL_GEARY_PRIMARY_DLBCL_BH",26,26,"GSM8500539_Cap.area6_DLBCL_V2","macrophage_rich",0.000999000999000999,0.00185528756957328,"EVALUABLE",""
"MATCHED_NULL_GEARY","PRIMARY_DLBCL","06P_MATCHED_NULL_GEARY_PRIMARY_DLBCL_BH",26,26,"GSM8500539_Cap.area6_DLBCL_V2","t_cell_inflamed",0.017982017982018,0.025974025974026,"EVALUABLE",""
"MATCHED_NULL_GEARY","PRIMARY_DLBCL","06P_MATCHED_NULL_GEARY_PRIMARY_DLBCL_BH",26,26,"GSM8500539_Cap.area6_DLBCL_V2","stromal_fibrotic",0.000999000999000999,0.00185528756957328,"EVALUABLE",""
"MATCHED_NULL_GEARY","PRIMARY_DLBCL","06P_MATCHED_NULL_GEARY_PRIMARY_DLBCL_BH",26,26,"GSM8500539_Cap.area6_DLBCL_V2","immune_cold_exclusion",0.000999000999000999,0.00185528756957328,"EVALUABLE",""
"MATCHED_NULL_GEARY","PRIMARY_DLBCL","06P_MATCHED_NULL_GEARY_PRIMARY_DLBCL_BH",26,26,"GSM8500539_Cap.area6_DLBCL_V2","proliferative_cycling",0.000999000999000999,0.00185528756957328,"EVALUABLE",""
"MATCHED_NULL_GEARY","PRIMARY_DLBCL","06P_MATCHED_NULL_GEARY_PRIMARY_DLBCL_BH",26,26,"GSM8500540_Cap.area7_DLBCL_V2","macrophage_rich",0.000999000999000999,0.00185528756957328,"EVALUABLE",""
"MATCHED_NULL_GEARY","PRIMARY_DLBCL","06P_MATCHED_NULL_GEARY_PRIMARY_DLBCL_BH",26,26,"GSM8500540_Cap.area7_DLBCL_V2","t_cell_inflamed",0.000999000999000999,0.00185528756957328,"EVALUABLE",""
"MATCHED_NULL_GEARY","PRIMARY_DLBCL","06P_MATCHED_NULL_GEARY_PRIMARY_DLBCL_BH",26,26,"GSM8500540_Cap.area7_DLBCL_V2","stromal_fibrotic",0.0599400599400599,0.0708382526564345,"EVALUABLE",""
"MATCHED_NULL_GEARY","PRIMARY_DLBCL","06P_MATCHED_NULL_GEARY_PRIMARY_DLBCL_BH",26,26,"GSM8500540_Cap.area7_DLBCL_V2","immune_cold_exclusion",0.124875124875125,0.141163184641446,"EVALUABLE",""
"MATCHED_NULL_GEARY","PRIMARY_DLBCL","06P_MATCHED_NULL_GEARY_PRIMARY_DLBCL_BH",26,26,"GSM8500540_Cap.area7_DLBCL_V2","proliferative_cycling",0.036963036963037,0.0457637600494743,"EVALUABLE",""
"MATCHED_NULL_GEARY","EXPLORATORY_ANTIGEN","06P_MATCHED_NULL_GEARY_EXPLORATORY_ANTIGEN_BH",6,6,"GSM8500537_Cap.area4_DLBCL_V2","antigen_presentation",0.041958041958042,0.0503496503496504,"EVALUABLE",""
"MATCHED_NULL_GEARY","EXPLORATORY_ANTIGEN","06P_MATCHED_NULL_GEARY_EXPLORATORY_ANTIGEN_BH",6,6,"GSM8500538_Cap.area5_DLBCL_V2","antigen_presentation",0.000999000999000999,0.00599400599400599,"EVALUABLE",""
"MATCHED_NULL_GEARY","EXPLORATORY_ANTIGEN","06P_MATCHED_NULL_GEARY_EXPLORATORY_ANTIGEN_BH",6,6,"GSM8500539_Cap.area6_DLBCL_V2","antigen_presentation",0.003996003996004,0.011988011988012,"EVALUABLE",""
"MATCHED_NULL_GEARY","EXPLORATORY_ANTIGEN","06P_MATCHED_NULL_GEARY_EXPLORATORY_ANTIGEN_BH",6,6,"GSM8500540_Cap.area7_DLBCL_V2","antigen_presentation",0.015984015984016,0.031968031968032,"EVALUABLE",""
"MATCHED_NULL_GEARY","EXPLORATORY_ANTIGEN","06P_MATCHED_NULL_GEARY_EXPLORATORY_ANTIGEN_BH",6,6,"GSM8500541_Cap.area8_LN_V2","antigen_presentation",0.0769230769230769,0.0769230769230769,"EVALUABLE",""
"MATCHED_NULL_GEARY","EXPLORATORY_ANTIGEN","06P_MATCHED_NULL_GEARY_EXPLORATORY_ANTIGEN_BH",6,6,"GSM8500542_Cap.area9_tonsil_V2","antigen_presentation",0.032967032967033,0.0494505494505495,"EVALUABLE",""
"MATCHED_NULL_GEARY","CONTEXT_ONLY","06P_MATCHED_NULL_GEARY_CONTEXT_ONLY_BH",22,22,"GSM8500534_Cap.area1_LN_V1","macrophage_rich",0.000999000999000999,0.001998001998002,"EVALUABLE",""
"MATCHED_NULL_GEARY","CONTEXT_ONLY","06P_MATCHED_NULL_GEARY_CONTEXT_ONLY_BH",22,22,"GSM8500534_Cap.area1_LN_V1","t_cell_inflamed",0.000999000999000999,0.001998001998002,"EVALUABLE",""
"MATCHED_NULL_GEARY","CONTEXT_ONLY","06P_MATCHED_NULL_GEARY_CONTEXT_ONLY_BH",22,22,"GSM8500534_Cap.area1_LN_V1","antigen_presentation",0.000999000999000999,0.001998001998002,"EVALUABLE",""
"MATCHED_NULL_GEARY","CONTEXT_ONLY","06P_MATCHED_NULL_GEARY_CONTEXT_ONLY_BH",22,22,"GSM8500534_Cap.area1_LN_V1","stromal_fibrotic",0.00699300699300699,0.0118343195266272,"EVALUABLE",""
"MATCHED_NULL_GEARY","CONTEXT_ONLY","06P_MATCHED_NULL_GEARY_CONTEXT_ONLY_BH",22,22,"GSM8500534_Cap.area1_LN_V1","immune_cold_exclusion",0.0699300699300699,0.0844418739155581,"EVALUABLE",""
"MATCHED_NULL_GEARY","CONTEXT_ONLY","06P_MATCHED_NULL_GEARY_CONTEXT_ONLY_BH",22,22,"GSM8500534_Cap.area1_LN_V1","proliferative_cycling",0.000999000999000999,0.001998001998002,"EVALUABLE",""
"MATCHED_NULL_GEARY","CONTEXT_ONLY","06P_MATCHED_NULL_GEARY_CONTEXT_ONLY_BH",22,22,"GSM8500535_Cap.area2_tonsil_V1","macrophage_rich",0.014985014985015,0.021978021978022,"EVALUABLE",""
"MATCHED_NULL_GEARY","CONTEXT_ONLY","06P_MATCHED_NULL_GEARY_CONTEXT_ONLY_BH",22,22,"GSM8500535_Cap.area2_tonsil_V1","t_cell_inflamed",0.000999000999000999,0.001998001998002,"EVALUABLE",""
"MATCHED_NULL_GEARY","CONTEXT_ONLY","06P_MATCHED_NULL_GEARY_CONTEXT_ONLY_BH",22,22,"GSM8500535_Cap.area2_tonsil_V1","antigen_presentation",0.00999000999000999,0.0156985871271586,"EVALUABLE",""
"MATCHED_NULL_GEARY","CONTEXT_ONLY","06P_MATCHED_NULL_GEARY_CONTEXT_ONLY_BH",22,22,"GSM8500535_Cap.area2_tonsil_V1","stromal_fibrotic",0.017982017982018,0.0232708468002586,"EVALUABLE",""
"MATCHED_NULL_GEARY","CONTEXT_ONLY","06P_MATCHED_NULL_GEARY_CONTEXT_ONLY_BH",22,22,"GSM8500535_Cap.area2_tonsil_V1","immune_cold_exclusion",0.017982017982018,0.0232708468002586,"EVALUABLE",""
"MATCHED_NULL_GEARY","CONTEXT_ONLY","06P_MATCHED_NULL_GEARY_CONTEXT_ONLY_BH",22,22,"GSM8500535_Cap.area2_tonsil_V1","proliferative_cycling",0.000999000999000999,0.001998001998002,"EVALUABLE",""
"MATCHED_NULL_GEARY","CONTEXT_ONLY","06P_MATCHED_NULL_GEARY_CONTEXT_ONLY_BH",22,22,"GSM8500541_Cap.area8_LN_V2","macrophage_rich",0.000999000999000999,0.001998001998002,"EVALUABLE",""
"MATCHED_NULL_GEARY","CONTEXT_ONLY","06P_MATCHED_NULL_GEARY_CONTEXT_ONLY_BH",22,22,"GSM8500541_Cap.area8_LN_V2","t_cell_inflamed",0.000999000999000999,0.001998001998002,"EVALUABLE",""
"MATCHED_NULL_GEARY","CONTEXT_ONLY","06P_MATCHED_NULL_GEARY_CONTEXT_ONLY_BH",22,22,"GSM8500541_Cap.area8_LN_V2","stromal_fibrotic",0.000999000999000999,0.001998001998002,"EVALUABLE",""
"MATCHED_NULL_GEARY","CONTEXT_ONLY","06P_MATCHED_NULL_GEARY_CONTEXT_ONLY_BH",22,22,"GSM8500541_Cap.area8_LN_V2","immune_cold_exclusion",0.144855144855145,0.151753008895866,"EVALUABLE",""
"MATCHED_NULL_GEARY","CONTEXT_ONLY","06P_MATCHED_NULL_GEARY_CONTEXT_ONLY_BH",22,22,"GSM8500541_Cap.area8_LN_V2","proliferative_cycling",0.000999000999000999,0.001998001998002,"EVALUABLE",""
"MATCHED_NULL_GEARY","CONTEXT_ONLY","06P_MATCHED_NULL_GEARY_CONTEXT_ONLY_BH",22,22,"GSM8500542_Cap.area9_tonsil_V2","macrophage_rich",0.151848151848152,0.151848151848152,"EVALUABLE",""
"MATCHED_NULL_GEARY","CONTEXT_ONLY","06P_MATCHED_NULL_GEARY_CONTEXT_ONLY_BH",22,22,"GSM8500542_Cap.area9_tonsil_V2","t_cell_inflamed",0.000999000999000999,0.001998001998002,"EVALUABLE",""
"MATCHED_NULL_GEARY","CONTEXT_ONLY","06P_MATCHED_NULL_GEARY_CONTEXT_ONLY_BH",22,22,"GSM8500542_Cap.area9_tonsil_V2","stromal_fibrotic",0.132867132867133,0.146153846153846,"EVALUABLE",""
"MATCHED_NULL_GEARY","CONTEXT_ONLY","06P_MATCHED_NULL_GEARY_CONTEXT_ONLY_BH",22,22,"GSM8500542_Cap.area9_tonsil_V2","immune_cold_exclusion",0.0729270729270729,0.0844418739155581,"EVALUABLE",""
"MATCHED_NULL_GEARY","CONTEXT_ONLY","06P_MATCHED_NULL_GEARY_CONTEXT_ONLY_BH",22,22,"GSM8500542_Cap.area9_tonsil_V2","proliferative_cycling",0.001998001998002,0.00366300366300366,"EVALUABLE",""
"DEPTH_ADJUSTED_MORAN","PRIMARY_DLBCL","06P_DEPTH_ADJUSTED_MORAN_PRIMARY_DLBCL_BH",26,26,"GSM8500536_Cap.area3_DLBCL_V1","macrophage_rich",1e-04,1e-04,"EVALUABLE",""
"DEPTH_ADJUSTED_MORAN","PRIMARY_DLBCL","06P_DEPTH_ADJUSTED_MORAN_PRIMARY_DLBCL_BH",26,26,"GSM8500536_Cap.area3_DLBCL_V1","t_cell_inflamed",1e-04,1e-04,"EVALUABLE",""
"DEPTH_ADJUSTED_MORAN","PRIMARY_DLBCL","06P_DEPTH_ADJUSTED_MORAN_PRIMARY_DLBCL_BH",26,26,"GSM8500536_Cap.area3_DLBCL_V1","antigen_presentation",1e-04,1e-04,"EVALUABLE",""
"DEPTH_ADJUSTED_MORAN","PRIMARY_DLBCL","06P_DEPTH_ADJUSTED_MORAN_PRIMARY_DLBCL_BH",26,26,"GSM8500536_Cap.area3_DLBCL_V1","stromal_fibrotic",1e-04,1e-04,"EVALUABLE",""
"DEPTH_ADJUSTED_MORAN","PRIMARY_DLBCL","06P_DEPTH_ADJUSTED_MORAN_PRIMARY_DLBCL_BH",26,26,"GSM8500536_Cap.area3_DLBCL_V1","immune_cold_exclusion",1e-04,1e-04,"EVALUABLE",""
"DEPTH_ADJUSTED_MORAN","PRIMARY_DLBCL","06P_DEPTH_ADJUSTED_MORAN_PRIMARY_DLBCL_BH",26,26,"GSM8500536_Cap.area3_DLBCL_V1","proliferative_cycling",1e-04,1e-04,"EVALUABLE",""
"DEPTH_ADJUSTED_MORAN","PRIMARY_DLBCL","06P_DEPTH_ADJUSTED_MORAN_PRIMARY_DLBCL_BH",26,26,"GSM8500537_Cap.area4_DLBCL_V2","macrophage_rich",1e-04,1e-04,"EVALUABLE",""
"DEPTH_ADJUSTED_MORAN","PRIMARY_DLBCL","06P_DEPTH_ADJUSTED_MORAN_PRIMARY_DLBCL_BH",26,26,"GSM8500537_Cap.area4_DLBCL_V2","t_cell_inflamed",1e-04,1e-04,"EVALUABLE",""
"DEPTH_ADJUSTED_MORAN","PRIMARY_DLBCL","06P_DEPTH_ADJUSTED_MORAN_PRIMARY_DLBCL_BH",26,26,"GSM8500537_Cap.area4_DLBCL_V2","stromal_fibrotic",1e-04,1e-04,"EVALUABLE",""
"DEPTH_ADJUSTED_MORAN","PRIMARY_DLBCL","06P_DEPTH_ADJUSTED_MORAN_PRIMARY_DLBCL_BH",26,26,"GSM8500537_Cap.area4_DLBCL_V2","immune_cold_exclusion",1e-04,1e-04,"EVALUABLE",""
"DEPTH_ADJUSTED_MORAN","PRIMARY_DLBCL","06P_DEPTH_ADJUSTED_MORAN_PRIMARY_DLBCL_BH",26,26,"GSM8500537_Cap.area4_DLBCL_V2","proliferative_cycling",1e-04,1e-04,"EVALUABLE",""
"DEPTH_ADJUSTED_MORAN","PRIMARY_DLBCL","06P_DEPTH_ADJUSTED_MORAN_PRIMARY_DLBCL_BH",26,26,"GSM8500538_Cap.area5_DLBCL_V2","macrophage_rich",1e-04,1e-04,"EVALUABLE",""
"DEPTH_ADJUSTED_MORAN","PRIMARY_DLBCL","06P_DEPTH_ADJUSTED_MORAN_PRIMARY_DLBCL_BH",26,26,"GSM8500538_Cap.area5_DLBCL_V2","t_cell_inflamed",1e-04,1e-04,"EVALUABLE",""
"DEPTH_ADJUSTED_MORAN","PRIMARY_DLBCL","06P_DEPTH_ADJUSTED_MORAN_PRIMARY_DLBCL_BH",26,26,"GSM8500538_Cap.area5_DLBCL_V2","stromal_fibrotic",1e-04,1e-04,"EVALUABLE",""
"DEPTH_ADJUSTED_MORAN","PRIMARY_DLBCL","06P_DEPTH_ADJUSTED_MORAN_PRIMARY_DLBCL_BH",26,26,"GSM8500538_Cap.area5_DLBCL_V2","immune_cold_exclusion",1e-04,1e-04,"EVALUABLE",""
"DEPTH_ADJUSTED_MORAN","PRIMARY_DLBCL","06P_DEPTH_ADJUSTED_MORAN_PRIMARY_DLBCL_BH",26,26,"GSM8500538_Cap.area5_DLBCL_V2","proliferative_cycling",1e-04,1e-04,"EVALUABLE",""
"DEPTH_ADJUSTED_MORAN","PRIMARY_DLBCL","06P_DEPTH_ADJUSTED_MORAN_PRIMARY_DLBCL_BH",26,26,"GSM8500539_Cap.area6_DLBCL_V2","macrophage_rich",1e-04,1e-04,"EVALUABLE",""
"DEPTH_ADJUSTED_MORAN","PRIMARY_DLBCL","06P_DEPTH_ADJUSTED_MORAN_PRIMARY_DLBCL_BH",26,26,"GSM8500539_Cap.area6_DLBCL_V2","t_cell_inflamed",1e-04,1e-04,"EVALUABLE",""
"DEPTH_ADJUSTED_MORAN","PRIMARY_DLBCL","06P_DEPTH_ADJUSTED_MORAN_PRIMARY_DLBCL_BH",26,26,"GSM8500539_Cap.area6_DLBCL_V2","stromal_fibrotic",1e-04,1e-04,"EVALUABLE",""
"DEPTH_ADJUSTED_MORAN","PRIMARY_DLBCL","06P_DEPTH_ADJUSTED_MORAN_PRIMARY_DLBCL_BH",26,26,"GSM8500539_Cap.area6_DLBCL_V2","immune_cold_exclusion",1e-04,1e-04,"EVALUABLE",""
"DEPTH_ADJUSTED_MORAN","PRIMARY_DLBCL","06P_DEPTH_ADJUSTED_MORAN_PRIMARY_DLBCL_BH",26,26,"GSM8500539_Cap.area6_DLBCL_V2","proliferative_cycling",1e-04,1e-04,"EVALUABLE",""
"DEPTH_ADJUSTED_MORAN","PRIMARY_DLBCL","06P_DEPTH_ADJUSTED_MORAN_PRIMARY_DLBCL_BH",26,26,"GSM8500540_Cap.area7_DLBCL_V2","macrophage_rich",1e-04,1e-04,"EVALUABLE",""
"DEPTH_ADJUSTED_MORAN","PRIMARY_DLBCL","06P_DEPTH_ADJUSTED_MORAN_PRIMARY_DLBCL_BH",26,26,"GSM8500540_Cap.area7_DLBCL_V2","t_cell_inflamed",1e-04,1e-04,"EVALUABLE",""
"DEPTH_ADJUSTED_MORAN","PRIMARY_DLBCL","06P_DEPTH_ADJUSTED_MORAN_PRIMARY_DLBCL_BH",26,26,"GSM8500540_Cap.area7_DLBCL_V2","stromal_fibrotic",1e-04,1e-04,"EVALUABLE",""
"DEPTH_ADJUSTED_MORAN","PRIMARY_DLBCL","06P_DEPTH_ADJUSTED_MORAN_PRIMARY_DLBCL_BH",26,26,"GSM8500540_Cap.area7_DLBCL_V2","immune_cold_exclusion",1e-04,1e-04,"EVALUABLE",""
"DEPTH_ADJUSTED_MORAN","PRIMARY_DLBCL","06P_DEPTH_ADJUSTED_MORAN_PRIMARY_DLBCL_BH",26,26,"GSM8500540_Cap.area7_DLBCL_V2","proliferative_cycling",1e-04,1e-04,"EVALUABLE",""
"DEPTH_ADJUSTED_MORAN","EXPLORATORY_ANTIGEN","06P_DEPTH_ADJUSTED_MORAN_EXPLORATORY_ANTIGEN_BH",6,6,"GSM8500537_Cap.area4_DLBCL_V2","antigen_presentation",1e-04,1e-04,"EVALUABLE",""
"DEPTH_ADJUSTED_MORAN","EXPLORATORY_ANTIGEN","06P_DEPTH_ADJUSTED_MORAN_EXPLORATORY_ANTIGEN_BH",6,6,"GSM8500538_Cap.area5_DLBCL_V2","antigen_presentation",1e-04,1e-04,"EVALUABLE",""
"DEPTH_ADJUSTED_MORAN","EXPLORATORY_ANTIGEN","06P_DEPTH_ADJUSTED_MORAN_EXPLORATORY_ANTIGEN_BH",6,6,"GSM8500539_Cap.area6_DLBCL_V2","antigen_presentation",1e-04,1e-04,"EVALUABLE",""
"DEPTH_ADJUSTED_MORAN","EXPLORATORY_ANTIGEN","06P_DEPTH_ADJUSTED_MORAN_EXPLORATORY_ANTIGEN_BH",6,6,"GSM8500540_Cap.area7_DLBCL_V2","antigen_presentation",1e-04,1e-04,"EVALUABLE",""
"DEPTH_ADJUSTED_MORAN","EXPLORATORY_ANTIGEN","06P_DEPTH_ADJUSTED_MORAN_EXPLORATORY_ANTIGEN_BH",6,6,"GSM8500541_Cap.area8_LN_V2","antigen_presentation",1e-04,1e-04,"EVALUABLE",""
"DEPTH_ADJUSTED_MORAN","EXPLORATORY_ANTIGEN","06P_DEPTH_ADJUSTED_MORAN_EXPLORATORY_ANTIGEN_BH",6,6,"GSM8500542_Cap.area9_tonsil_V2","antigen_presentation",1e-04,1e-04,"EVALUABLE",""
"DEPTH_ADJUSTED_MORAN","CONTEXT_ONLY","06P_DEPTH_ADJUSTED_MORAN_CONTEXT_ONLY_BH",22,22,"GSM8500534_Cap.area1_LN_V1","macrophage_rich",1e-04,1e-04,"EVALUABLE",""
"DEPTH_ADJUSTED_MORAN","CONTEXT_ONLY","06P_DEPTH_ADJUSTED_MORAN_CONTEXT_ONLY_BH",22,22,"GSM8500534_Cap.area1_LN_V1","t_cell_inflamed",1e-04,1e-04,"EVALUABLE",""
"DEPTH_ADJUSTED_MORAN","CONTEXT_ONLY","06P_DEPTH_ADJUSTED_MORAN_CONTEXT_ONLY_BH",22,22,"GSM8500534_Cap.area1_LN_V1","antigen_presentation",1e-04,1e-04,"EVALUABLE",""
"DEPTH_ADJUSTED_MORAN","CONTEXT_ONLY","06P_DEPTH_ADJUSTED_MORAN_CONTEXT_ONLY_BH",22,22,"GSM8500534_Cap.area1_LN_V1","stromal_fibrotic",1e-04,1e-04,"EVALUABLE",""
"DEPTH_ADJUSTED_MORAN","CONTEXT_ONLY","06P_DEPTH_ADJUSTED_MORAN_CONTEXT_ONLY_BH",22,22,"GSM8500534_Cap.area1_LN_V1","immune_cold_exclusion",1e-04,1e-04,"EVALUABLE",""
"DEPTH_ADJUSTED_MORAN","CONTEXT_ONLY","06P_DEPTH_ADJUSTED_MORAN_CONTEXT_ONLY_BH",22,22,"GSM8500534_Cap.area1_LN_V1","proliferative_cycling",1e-04,1e-04,"EVALUABLE",""
"DEPTH_ADJUSTED_MORAN","CONTEXT_ONLY","06P_DEPTH_ADJUSTED_MORAN_CONTEXT_ONLY_BH",22,22,"GSM8500535_Cap.area2_tonsil_V1","macrophage_rich",1e-04,1e-04,"EVALUABLE",""
"DEPTH_ADJUSTED_MORAN","CONTEXT_ONLY","06P_DEPTH_ADJUSTED_MORAN_CONTEXT_ONLY_BH",22,22,"GSM8500535_Cap.area2_tonsil_V1","t_cell_inflamed",1e-04,1e-04,"EVALUABLE",""
"DEPTH_ADJUSTED_MORAN","CONTEXT_ONLY","06P_DEPTH_ADJUSTED_MORAN_CONTEXT_ONLY_BH",22,22,"GSM8500535_Cap.area2_tonsil_V1","antigen_presentation",1e-04,1e-04,"EVALUABLE",""
"DEPTH_ADJUSTED_MORAN","CONTEXT_ONLY","06P_DEPTH_ADJUSTED_MORAN_CONTEXT_ONLY_BH",22,22,"GSM8500535_Cap.area2_tonsil_V1","stromal_fibrotic",1e-04,1e-04,"EVALUABLE",""
"DEPTH_ADJUSTED_MORAN","CONTEXT_ONLY","06P_DEPTH_ADJUSTED_MORAN_CONTEXT_ONLY_BH",22,22,"GSM8500535_Cap.area2_tonsil_V1","immune_cold_exclusion",1e-04,1e-04,"EVALUABLE",""
"DEPTH_ADJUSTED_MORAN","CONTEXT_ONLY","06P_DEPTH_ADJUSTED_MORAN_CONTEXT_ONLY_BH",22,22,"GSM8500535_Cap.area2_tonsil_V1","proliferative_cycling",1e-04,1e-04,"EVALUABLE",""
"DEPTH_ADJUSTED_MORAN","CONTEXT_ONLY","06P_DEPTH_ADJUSTED_MORAN_CONTEXT_ONLY_BH",22,22,"GSM8500541_Cap.area8_LN_V2","macrophage_rich",1e-04,1e-04,"EVALUABLE",""
"DEPTH_ADJUSTED_MORAN","CONTEXT_ONLY","06P_DEPTH_ADJUSTED_MORAN_CONTEXT_ONLY_BH",22,22,"GSM8500541_Cap.area8_LN_V2","t_cell_inflamed",1e-04,1e-04,"EVALUABLE",""
"DEPTH_ADJUSTED_MORAN","CONTEXT_ONLY","06P_DEPTH_ADJUSTED_MORAN_CONTEXT_ONLY_BH",22,22,"GSM8500541_Cap.area8_LN_V2","stromal_fibrotic",1e-04,1e-04,"EVALUABLE",""
"DEPTH_ADJUSTED_MORAN","CONTEXT_ONLY","06P_DEPTH_ADJUSTED_MORAN_CONTEXT_ONLY_BH",22,22,"GSM8500541_Cap.area8_LN_V2","immune_cold_exclusion",1e-04,1e-04,"EVALUABLE",""
"DEPTH_ADJUSTED_MORAN","CONTEXT_ONLY","06P_DEPTH_ADJUSTED_MORAN_CONTEXT_ONLY_BH",22,22,"GSM8500541_Cap.area8_LN_V2","proliferative_cycling",1e-04,1e-04,"EVALUABLE",""
"DEPTH_ADJUSTED_MORAN","CONTEXT_ONLY","06P_DEPTH_ADJUSTED_MORAN_CONTEXT_ONLY_BH",22,22,"GSM8500542_Cap.area9_tonsil_V2","macrophage_rich",1e-04,1e-04,"EVALUABLE",""
"DEPTH_ADJUSTED_MORAN","CONTEXT_ONLY","06P_DEPTH_ADJUSTED_MORAN_CONTEXT_ONLY_BH",22,22,"GSM8500542_Cap.area9_tonsil_V2","t_cell_inflamed",1e-04,1e-04,"EVALUABLE",""
"DEPTH_ADJUSTED_MORAN","CONTEXT_ONLY","06P_DEPTH_ADJUSTED_MORAN_CONTEXT_ONLY_BH",22,22,"GSM8500542_Cap.area9_tonsil_V2","stromal_fibrotic",1e-04,1e-04,"EVALUABLE",""
"DEPTH_ADJUSTED_MORAN","CONTEXT_ONLY","06P_DEPTH_ADJUSTED_MORAN_CONTEXT_ONLY_BH",22,22,"GSM8500542_Cap.area9_tonsil_V2","immune_cold_exclusion",1e-04,1e-04,"EVALUABLE",""
"DEPTH_ADJUSTED_MORAN","CONTEXT_ONLY","06P_DEPTH_ADJUSTED_MORAN_CONTEXT_ONLY_BH",22,22,"GSM8500542_Cap.area9_tonsil_V2","proliferative_cycling",1e-04,1e-04,"EVALUABLE",""
"DEPTH_ADJUSTED_GEARY","PRIMARY_DLBCL","06P_DEPTH_ADJUSTED_GEARY_PRIMARY_DLBCL_BH",26,26,"GSM8500536_Cap.area3_DLBCL_V1","macrophage_rich",1e-04,1e-04,"EVALUABLE",""
"DEPTH_ADJUSTED_GEARY","PRIMARY_DLBCL","06P_DEPTH_ADJUSTED_GEARY_PRIMARY_DLBCL_BH",26,26,"GSM8500536_Cap.area3_DLBCL_V1","t_cell_inflamed",1e-04,1e-04,"EVALUABLE",""
"DEPTH_ADJUSTED_GEARY","PRIMARY_DLBCL","06P_DEPTH_ADJUSTED_GEARY_PRIMARY_DLBCL_BH",26,26,"GSM8500536_Cap.area3_DLBCL_V1","antigen_presentation",1e-04,1e-04,"EVALUABLE",""
"DEPTH_ADJUSTED_GEARY","PRIMARY_DLBCL","06P_DEPTH_ADJUSTED_GEARY_PRIMARY_DLBCL_BH",26,26,"GSM8500536_Cap.area3_DLBCL_V1","stromal_fibrotic",1e-04,1e-04,"EVALUABLE",""
"DEPTH_ADJUSTED_GEARY","PRIMARY_DLBCL","06P_DEPTH_ADJUSTED_GEARY_PRIMARY_DLBCL_BH",26,26,"GSM8500536_Cap.area3_DLBCL_V1","immune_cold_exclusion",1e-04,1e-04,"EVALUABLE",""
"DEPTH_ADJUSTED_GEARY","PRIMARY_DLBCL","06P_DEPTH_ADJUSTED_GEARY_PRIMARY_DLBCL_BH",26,26,"GSM8500536_Cap.area3_DLBCL_V1","proliferative_cycling",1e-04,1e-04,"EVALUABLE",""
"DEPTH_ADJUSTED_GEARY","PRIMARY_DLBCL","06P_DEPTH_ADJUSTED_GEARY_PRIMARY_DLBCL_BH",26,26,"GSM8500537_Cap.area4_DLBCL_V2","macrophage_rich",1e-04,1e-04,"EVALUABLE",""
"DEPTH_ADJUSTED_GEARY","PRIMARY_DLBCL","06P_DEPTH_ADJUSTED_GEARY_PRIMARY_DLBCL_BH",26,26,"GSM8500537_Cap.area4_DLBCL_V2","t_cell_inflamed",1e-04,1e-04,"EVALUABLE",""
"DEPTH_ADJUSTED_GEARY","PRIMARY_DLBCL","06P_DEPTH_ADJUSTED_GEARY_PRIMARY_DLBCL_BH",26,26,"GSM8500537_Cap.area4_DLBCL_V2","stromal_fibrotic",1e-04,1e-04,"EVALUABLE",""
"DEPTH_ADJUSTED_GEARY","PRIMARY_DLBCL","06P_DEPTH_ADJUSTED_GEARY_PRIMARY_DLBCL_BH",26,26,"GSM8500537_Cap.area4_DLBCL_V2","immune_cold_exclusion",1e-04,1e-04,"EVALUABLE",""
"DEPTH_ADJUSTED_GEARY","PRIMARY_DLBCL","06P_DEPTH_ADJUSTED_GEARY_PRIMARY_DLBCL_BH",26,26,"GSM8500537_Cap.area4_DLBCL_V2","proliferative_cycling",1e-04,1e-04,"EVALUABLE",""
"DEPTH_ADJUSTED_GEARY","PRIMARY_DLBCL","06P_DEPTH_ADJUSTED_GEARY_PRIMARY_DLBCL_BH",26,26,"GSM8500538_Cap.area5_DLBCL_V2","macrophage_rich",1e-04,1e-04,"EVALUABLE",""
"DEPTH_ADJUSTED_GEARY","PRIMARY_DLBCL","06P_DEPTH_ADJUSTED_GEARY_PRIMARY_DLBCL_BH",26,26,"GSM8500538_Cap.area5_DLBCL_V2","t_cell_inflamed",1e-04,1e-04,"EVALUABLE",""
"DEPTH_ADJUSTED_GEARY","PRIMARY_DLBCL","06P_DEPTH_ADJUSTED_GEARY_PRIMARY_DLBCL_BH",26,26,"GSM8500538_Cap.area5_DLBCL_V2","stromal_fibrotic",1e-04,1e-04,"EVALUABLE",""
"DEPTH_ADJUSTED_GEARY","PRIMARY_DLBCL","06P_DEPTH_ADJUSTED_GEARY_PRIMARY_DLBCL_BH",26,26,"GSM8500538_Cap.area5_DLBCL_V2","immune_cold_exclusion",1e-04,1e-04,"EVALUABLE",""
"DEPTH_ADJUSTED_GEARY","PRIMARY_DLBCL","06P_DEPTH_ADJUSTED_GEARY_PRIMARY_DLBCL_BH",26,26,"GSM8500538_Cap.area5_DLBCL_V2","proliferative_cycling",1e-04,1e-04,"EVALUABLE",""
"DEPTH_ADJUSTED_GEARY","PRIMARY_DLBCL","06P_DEPTH_ADJUSTED_GEARY_PRIMARY_DLBCL_BH",26,26,"GSM8500539_Cap.area6_DLBCL_V2","macrophage_rich",1e-04,1e-04,"EVALUABLE",""
"DEPTH_ADJUSTED_GEARY","PRIMARY_DLBCL","06P_DEPTH_ADJUSTED_GEARY_PRIMARY_DLBCL_BH",26,26,"GSM8500539_Cap.area6_DLBCL_V2","t_cell_inflamed",1e-04,1e-04,"EVALUABLE",""
"DEPTH_ADJUSTED_GEARY","PRIMARY_DLBCL","06P_DEPTH_ADJUSTED_GEARY_PRIMARY_DLBCL_BH",26,26,"GSM8500539_Cap.area6_DLBCL_V2","stromal_fibrotic",1e-04,1e-04,"EVALUABLE",""
"DEPTH_ADJUSTED_GEARY","PRIMARY_DLBCL","06P_DEPTH_ADJUSTED_GEARY_PRIMARY_DLBCL_BH",26,26,"GSM8500539_Cap.area6_DLBCL_V2","immune_cold_exclusion",1e-04,1e-04,"EVALUABLE",""
"DEPTH_ADJUSTED_GEARY","PRIMARY_DLBCL","06P_DEPTH_ADJUSTED_GEARY_PRIMARY_DLBCL_BH",26,26,"GSM8500539_Cap.area6_DLBCL_V2","proliferative_cycling",1e-04,1e-04,"EVALUABLE",""
"DEPTH_ADJUSTED_GEARY","PRIMARY_DLBCL","06P_DEPTH_ADJUSTED_GEARY_PRIMARY_DLBCL_BH",26,26,"GSM8500540_Cap.area7_DLBCL_V2","macrophage_rich",1e-04,1e-04,"EVALUABLE",""
"DEPTH_ADJUSTED_GEARY","PRIMARY_DLBCL","06P_DEPTH_ADJUSTED_GEARY_PRIMARY_DLBCL_BH",26,26,"GSM8500540_Cap.area7_DLBCL_V2","t_cell_inflamed",1e-04,1e-04,"EVALUABLE",""
"DEPTH_ADJUSTED_GEARY","PRIMARY_DLBCL","06P_DEPTH_ADJUSTED_GEARY_PRIMARY_DLBCL_BH",26,26,"GSM8500540_Cap.area7_DLBCL_V2","stromal_fibrotic",1e-04,1e-04,"EVALUABLE",""
"DEPTH_ADJUSTED_GEARY","PRIMARY_DLBCL","06P_DEPTH_ADJUSTED_GEARY_PRIMARY_DLBCL_BH",26,26,"GSM8500540_Cap.area7_DLBCL_V2","immune_cold_exclusion",1e-04,1e-04,"EVALUABLE",""
"DEPTH_ADJUSTED_GEARY","PRIMARY_DLBCL","06P_DEPTH_ADJUSTED_GEARY_PRIMARY_DLBCL_BH",26,26,"GSM8500540_Cap.area7_DLBCL_V2","proliferative_cycling",1e-04,1e-04,"EVALUABLE",""
"DEPTH_ADJUSTED_GEARY","EXPLORATORY_ANTIGEN","06P_DEPTH_ADJUSTED_GEARY_EXPLORATORY_ANTIGEN_BH",6,6,"GSM8500537_Cap.area4_DLBCL_V2","antigen_presentation",1e-04,1e-04,"EVALUABLE",""
"DEPTH_ADJUSTED_GEARY","EXPLORATORY_ANTIGEN","06P_DEPTH_ADJUSTED_GEARY_EXPLORATORY_ANTIGEN_BH",6,6,"GSM8500538_Cap.area5_DLBCL_V2","antigen_presentation",1e-04,1e-04,"EVALUABLE",""
"DEPTH_ADJUSTED_GEARY","EXPLORATORY_ANTIGEN","06P_DEPTH_ADJUSTED_GEARY_EXPLORATORY_ANTIGEN_BH",6,6,"GSM8500539_Cap.area6_DLBCL_V2","antigen_presentation",1e-04,1e-04,"EVALUABLE",""
"DEPTH_ADJUSTED_GEARY","EXPLORATORY_ANTIGEN","06P_DEPTH_ADJUSTED_GEARY_EXPLORATORY_ANTIGEN_BH",6,6,"GSM8500540_Cap.area7_DLBCL_V2","antigen_presentation",1e-04,1e-04,"EVALUABLE",""
"DEPTH_ADJUSTED_GEARY","EXPLORATORY_ANTIGEN","06P_DEPTH_ADJUSTED_GEARY_EXPLORATORY_ANTIGEN_BH",6,6,"GSM8500541_Cap.area8_LN_V2","antigen_presentation",1e-04,1e-04,"EVALUABLE",""
"DEPTH_ADJUSTED_GEARY","EXPLORATORY_ANTIGEN","06P_DEPTH_ADJUSTED_GEARY_EXPLORATORY_ANTIGEN_BH",6,6,"GSM8500542_Cap.area9_tonsil_V2","antigen_presentation",1e-04,1e-04,"EVALUABLE",""
"DEPTH_ADJUSTED_GEARY","CONTEXT_ONLY","06P_DEPTH_ADJUSTED_GEARY_CONTEXT_ONLY_BH",22,22,"GSM8500534_Cap.area1_LN_V1","macrophage_rich",1e-04,1e-04,"EVALUABLE",""
"DEPTH_ADJUSTED_GEARY","CONTEXT_ONLY","06P_DEPTH_ADJUSTED_GEARY_CONTEXT_ONLY_BH",22,22,"GSM8500534_Cap.area1_LN_V1","t_cell_inflamed",1e-04,1e-04,"EVALUABLE",""
"DEPTH_ADJUSTED_GEARY","CONTEXT_ONLY","06P_DEPTH_ADJUSTED_GEARY_CONTEXT_ONLY_BH",22,22,"GSM8500534_Cap.area1_LN_V1","antigen_presentation",1e-04,1e-04,"EVALUABLE",""
"DEPTH_ADJUSTED_GEARY","CONTEXT_ONLY","06P_DEPTH_ADJUSTED_GEARY_CONTEXT_ONLY_BH",22,22,"GSM8500534_Cap.area1_LN_V1","stromal_fibrotic",1e-04,1e-04,"EVALUABLE",""
"DEPTH_ADJUSTED_GEARY","CONTEXT_ONLY","06P_DEPTH_ADJUSTED_GEARY_CONTEXT_ONLY_BH",22,22,"GSM8500534_Cap.area1_LN_V1","immune_cold_exclusion",1e-04,1e-04,"EVALUABLE",""
"DEPTH_ADJUSTED_GEARY","CONTEXT_ONLY","06P_DEPTH_ADJUSTED_GEARY_CONTEXT_ONLY_BH",22,22,"GSM8500534_Cap.area1_LN_V1","proliferative_cycling",1e-04,1e-04,"EVALUABLE",""
"DEPTH_ADJUSTED_GEARY","CONTEXT_ONLY","06P_DEPTH_ADJUSTED_GEARY_CONTEXT_ONLY_BH",22,22,"GSM8500535_Cap.area2_tonsil_V1","macrophage_rich",1e-04,1e-04,"EVALUABLE",""
"DEPTH_ADJUSTED_GEARY","CONTEXT_ONLY","06P_DEPTH_ADJUSTED_GEARY_CONTEXT_ONLY_BH",22,22,"GSM8500535_Cap.area2_tonsil_V1","t_cell_inflamed",1e-04,1e-04,"EVALUABLE",""
"DEPTH_ADJUSTED_GEARY","CONTEXT_ONLY","06P_DEPTH_ADJUSTED_GEARY_CONTEXT_ONLY_BH",22,22,"GSM8500535_Cap.area2_tonsil_V1","antigen_presentation",1e-04,1e-04,"EVALUABLE",""
"DEPTH_ADJUSTED_GEARY","CONTEXT_ONLY","06P_DEPTH_ADJUSTED_GEARY_CONTEXT_ONLY_BH",22,22,"GSM8500535_Cap.area2_tonsil_V1","stromal_fibrotic",1e-04,1e-04,"EVALUABLE",""
"DEPTH_ADJUSTED_GEARY","CONTEXT_ONLY","06P_DEPTH_ADJUSTED_GEARY_CONTEXT_ONLY_BH",22,22,"GSM8500535_Cap.area2_tonsil_V1","immune_cold_exclusion",1e-04,1e-04,"EVALUABLE",""
"DEPTH_ADJUSTED_GEARY","CONTEXT_ONLY","06P_DEPTH_ADJUSTED_GEARY_CONTEXT_ONLY_BH",22,22,"GSM8500535_Cap.area2_tonsil_V1","proliferative_cycling",1e-04,1e-04,"EVALUABLE",""
"DEPTH_ADJUSTED_GEARY","CONTEXT_ONLY","06P_DEPTH_ADJUSTED_GEARY_CONTEXT_ONLY_BH",22,22,"GSM8500541_Cap.area8_LN_V2","macrophage_rich",1e-04,1e-04,"EVALUABLE",""
"DEPTH_ADJUSTED_GEARY","CONTEXT_ONLY","06P_DEPTH_ADJUSTED_GEARY_CONTEXT_ONLY_BH",22,22,"GSM8500541_Cap.area8_LN_V2","t_cell_inflamed",1e-04,1e-04,"EVALUABLE",""
"DEPTH_ADJUSTED_GEARY","CONTEXT_ONLY","06P_DEPTH_ADJUSTED_GEARY_CONTEXT_ONLY_BH",22,22,"GSM8500541_Cap.area8_LN_V2","stromal_fibrotic",1e-04,1e-04,"EVALUABLE",""
"DEPTH_ADJUSTED_GEARY","CONTEXT_ONLY","06P_DEPTH_ADJUSTED_GEARY_CONTEXT_ONLY_BH",22,22,"GSM8500541_Cap.area8_LN_V2","immune_cold_exclusion",1e-04,1e-04,"EVALUABLE",""
"DEPTH_ADJUSTED_GEARY","CONTEXT_ONLY","06P_DEPTH_ADJUSTED_GEARY_CONTEXT_ONLY_BH",22,22,"GSM8500541_Cap.area8_LN_V2","proliferative_cycling",1e-04,1e-04,"EVALUABLE",""
"DEPTH_ADJUSTED_GEARY","CONTEXT_ONLY","06P_DEPTH_ADJUSTED_GEARY_CONTEXT_ONLY_BH",22,22,"GSM8500542_Cap.area9_tonsil_V2","macrophage_rich",1e-04,1e-04,"EVALUABLE",""
"DEPTH_ADJUSTED_GEARY","CONTEXT_ONLY","06P_DEPTH_ADJUSTED_GEARY_CONTEXT_ONLY_BH",22,22,"GSM8500542_Cap.area9_tonsil_V2","t_cell_inflamed",1e-04,1e-04,"EVALUABLE",""
"DEPTH_ADJUSTED_GEARY","CONTEXT_ONLY","06P_DEPTH_ADJUSTED_GEARY_CONTEXT_ONLY_BH",22,22,"GSM8500542_Cap.area9_tonsil_V2","stromal_fibrotic",1e-04,1e-04,"EVALUABLE",""
"DEPTH_ADJUSTED_GEARY","CONTEXT_ONLY","06P_DEPTH_ADJUSTED_GEARY_CONTEXT_ONLY_BH",22,22,"GSM8500542_Cap.area9_tonsil_V2","immune_cold_exclusion",1e-04,1e-04,"EVALUABLE",""
"DEPTH_ADJUSTED_GEARY","CONTEXT_ONLY","06P_DEPTH_ADJUSTED_GEARY_CONTEXT_ONLY_BH",22,22,"GSM8500542_Cap.area9_tonsil_V2","proliferative_cycling",1e-04,1e-04,"EVALUABLE",""
