"input_id","absolute_path","size_bytes","sha256"
GSE31312_EXPRESSION_MATRIX,${DLBCL_PROJECT_ROOT}/02_processed_data/GSE31312_gene_expression_matrix.csv,196934541,e20caec2a697795a34782e917b1de9e89132e8d4d1fce8ddad640825ba4bb584
GSE31312_PROGRAM_SCORES,${DLBCL_PROJECT_ROOT}/revision_2026_reviewer_response/05e_stage4_GSE31312_execution_attempt2/01_score_space_validation/GSE31312_primary_score_matrix_498x6.csv,60804,e37132340336ac698a73a00229f9d045016c1653870c68276d77bacef15de55a
GSE10846_EXPRESSION_MATRIX,${DLBCL_PROJECT_ROOT}/revision_2026_reviewer_response/05z_wp2_real_external_continuous_validation/local_only/GSE10846_primary_median_gene_expression.rds,23162584,b8bd902a89ae1b190ddec7b465dc8d9483d1b4b3521a282c9747e6cc1778b425
GSE10846_PROGRAM_SCORES,${DLBCL_PROJECT_ROOT}/revision_2026_reviewer_response/05z_wp2_real_external_continuous_validation/03_scores/GSE10846_PRIMARY_SIX_PROGRAM_SCORES.csv,50797,c36e23c2c79b0ebee6c58c1fd771595d44521edf9f8162d53862afa7c86c6af1
GSE181063_EXPRESSION_MATRIX,${DLBCL_PROJECT_ROOT}/revision_2026_reviewer_response/05z_wp2_real_external_continuous_validation/local_only/GSE181063_primary_median_gene_expression.rds,85289319,f7888783da030d8797f20260a8d499da9aa5027c0dd9f66399c0dfad5c8603a9
GSE181063_PROGRAM_SCORES,${DLBCL_PROJECT_ROOT}/revision_2026_reviewer_response/05z_wp2_real_external_continuous_validation/03_scores/GSE181063_PRIMARY_SIX_PROGRAM_SCORES.csv,159292,e541be634441a1025776c2bc9c3e0ddf6872d9e53736dae274043b13bf723b7d
CANONICAL_PROGRAM_CONTRACT,${DLBCL_PROJECT_ROOT}/revision_2026_reviewer_response/05x_wp1_continuous_score_freeze/WP1_CANONICAL_PROGRAM_CONTRACT.csv,4234,e0cf09c72126b337bfcfe0560594329721919d9a9c95dfb3a60a991d4ce8ddca
MCP_COUNTER_GENES,${DLBCL_PROJECT_ROOT}/revision_2026_reviewer_response/06r_bulk_orthogonal_tme_benchmark/00_environment/src/MCPcounter_official_06r/Signatures/genes.txt,5454,3bf042d9c1637ca2c1a6b8d1d1b2e4a14b97a6a7553b19a94fe47e4f37f3516a
MCP_COUNTER_SOURCE_R,${DLBCL_PROJECT_ROOT}/revision_2026_reviewer_response/06r_bulk_orthogonal_tme_benchmark/00_environment/src/MCPcounter_official_06r/Source/R/MCPcounter.R,5935,f6d889a1ccd8729493f588aeddbcb4854377312af79e0ea1902731430a6e62f0
