relative_path,prior_sha256,current_sha256,status
figures/Figure 1/Figure 1.tiff,f36860d4d72e7d1a9e065c402a27ede150433138f5e16a9382b7ab9b6e62b9fc,f36860d4d72e7d1a9e065c402a27ede150433138f5e16a9382b7ab9b6e62b9fc,UNCHANGED_FROM_PRE_TASK_AUTHORITY
figures/Figure 2/Figure 2.tiff,2e32ef941f4a33389163515cb54840ae20d6d7ff3e3462b12456fae8227d253e,2e32ef941f4a33389163515cb54840ae20d6d7ff3e3462b12456fae8227d253e,UNCHANGED_FROM_PRE_TASK_AUTHORITY
figures/Figure 3/Figure 3.tiff,84e6f29bc830f6b0b559bdd9120a41012d5ec9479147fca6d49ec607e216e4aa,84e6f29bc830f6b0b559bdd9120a41012d5ec9479147fca6d49ec607e216e4aa,UNCHANGED_FROM_PRE_TASK_AUTHORITY
figures/Figure 4/Figure 4.tiff,3609e0e58d4adf49dad55d3669258a3efa4d380b3ea538bcb14bef1cb6b1a994,3609e0e58d4adf49dad55d3669258a3efa4d380b3ea538bcb14bef1cb6b1a994,UNCHANGED_FROM_PRE_TASK_AUTHORITY
figures/Figure 5/Figure 5.tiff,e6521034ecdcccb9c5edeea15b36a0ff9a7bfffdf68deab4df2f4bacb25b471b,e6521034ecdcccb9c5edeea15b36a0ff9a7bfffdf68deab4df2f4bacb25b471b,UNCHANGED_FROM_PRE_TASK_AUTHORITY
figures/Figure 6/Figure 6.tiff,f98fd94f08a8d8eb05ea3ef95764ab4884a0798c7166bc7cb03d37ac50420b2b,f98fd94f08a8d8eb05ea3ef95764ab4884a0798c7166bc7cb03d37ac50420b2b,UNCHANGED_FROM_PRE_TASK_AUTHORITY
figures/Figure 6/Figure 6-LEGEND.md,d9236fed38f6fe093bce4a8edf61b290c385dee2159a9b6fa4e15810b10b6111,d9236fed38f6fe093bce4a8edf61b290c385dee2159a9b6fa4e15810b10b6111,UNCHANGED_FROM_PRE_TASK_AUTHORITY
supplementary_figures/S1/Supplementary_Fig_S1_FINAL_LEGEND.txt,5c011d5ebde591b14309c0731dcffc8918d062a2da4d8f192682e270a01d75dd,5c011d5ebde591b14309c0731dcffc8918d062a2da4d8f192682e270a01d75dd,UNCHANGED_FROM_PRE_TASK_AUTHORITY
supplementary_figures/S1/SUPPLEMENTARY_FIG_S1_FINAL_SOURCE_DATA.xlsx,9c83ae0acb48dff137936896d91d3c211758cdc21f31a94b542c4af324f2c332,9c83ae0acb48dff137936896d91d3c211758cdc21f31a94b542c4af324f2c332,UNCHANGED_FROM_PRE_TASK_AUTHORITY
supplementary_figures/S1/Supplementary_Fig_S1_FINAL_SUBMISSION.pdf,cf2d80ac3573a6a2456992441d35ec1423fc2fa22e1d8064d989421b5ffca8a0,cf2d80ac3573a6a2456992441d35ec1423fc2fa22e1d8064d989421b5ffca8a0,UNCHANGED_FROM_PRE_TASK_AUTHORITY
supplementary_figures/S2/Supplementary_Fig_S2_FINAL_LEGEND.txt,1e3b125dfc9aecf6eeb8fc59cb20c767bce57b1ea53117cfafa6967decc69a65,1e3b125dfc9aecf6eeb8fc59cb20c767bce57b1ea53117cfafa6967decc69a65,UNCHANGED_FROM_PRE_TASK_AUTHORITY
supplementary_figures/S2/SUPPLEMENTARY_FIG_S2_FINAL_SOURCE_DATA.xlsx,8c969b0415e75558ca492361e879f00be49ec8ef987eca2214964127c298e144,8c969b0415e75558ca492361e879f00be49ec8ef987eca2214964127c298e144,UNCHANGED_FROM_PRE_TASK_AUTHORITY
supplementary_figures/S2/Supplementary_Fig_S2_FINAL_SUBMISSION.pdf,1e50410b0660d858b8660d2c3a42c9c97147fbbfa9a020c1b51589cc98618204,1e50410b0660d858b8660d2c3a42c9c97147fbbfa9a020c1b51589cc98618204,UNCHANGED_FROM_PRE_TASK_AUTHORITY
supplementary_figures/S3/Supplementary_Fig_S3_FINAL_LEGEND.txt,87bd43c4014fea51656f05b369de9629b5d576318e79d03658dac05a21bc42b4,87bd43c4014fea51656f05b369de9629b5d576318e79d03658dac05a21bc42b4,UNCHANGED_FROM_PRE_TASK_AUTHORITY
supplementary_figures/S3/SUPPLEMENTARY_FIG_S3_FINAL_SOURCE_DATA.xlsx,2fd1a5e6231b09c2b3d1ee343f2aa0224440b97a5beda07d159e352957c1f881,2fd1a5e6231b09c2b3d1ee343f2aa0224440b97a5beda07d159e352957c1f881,UNCHANGED_FROM_PRE_TASK_AUTHORITY
supplementary_figures/S3/Supplementary_Fig_S3_FINAL_SUBMISSION.pdf,3a9d8093b7034a0cd2f63be41aaa95da97d1d9ed4e6b7eace5bdb71d0d4b2162,3a9d8093b7034a0cd2f63be41aaa95da97d1d9ed4e6b7eace5bdb71d0d4b2162,UNCHANGED_FROM_PRE_TASK_AUTHORITY
supplementary_figures/S4/Supplementary_Fig_S4_FINAL_LEGEND.txt,29a4262973be52076226ee719ca736a1a2f5829fdc63b50a035d407afb43a4d1,29a4262973be52076226ee719ca736a1a2f5829fdc63b50a035d407afb43a4d1,UNCHANGED_FROM_PRE_TASK_AUTHORITY
supplementary_figures/S4/SUPPLEMENTARY_FIG_S4_FINAL_SOURCE_DATA.xlsx,a5deb296d99523b28f277d17d35850351a6cbd2a8418fa75a7bface95c0ff0d3,a5deb296d99523b28f277d17d35850351a6cbd2a8418fa75a7bface95c0ff0d3,UNCHANGED_FROM_PRE_TASK_AUTHORITY
supplementary_figures/S4/Supplementary_Fig_S4_FINAL_SUBMISSION.pdf,8a5616fece2ce6fbe53abaa314b76dcbec528ca16b314c56b23913a7d5fae04f,8a5616fece2ce6fbe53abaa314b76dcbec528ca16b314c56b23913a7d5fae04f,UNCHANGED_FROM_PRE_TASK_AUTHORITY
supplementary_figures/S5/Supplementary_Fig_S5_FINAL_LEGEND.txt,7becb4622b2ad58aa5c13b50bd53c2b0fb132dbd931ec3ae954751a7a28845d1,7becb4622b2ad58aa5c13b50bd53c2b0fb132dbd931ec3ae954751a7a28845d1,UNCHANGED_FROM_PRE_TASK_AUTHORITY
supplementary_figures/S5/SUPPLEMENTARY_FIG_S5_FINAL_SOURCE_DATA.xlsx,aa840fca9b403060b3a19cdbf1d972ed2e3a7296beb19f3e219bdb2fc8834cae,aa840fca9b403060b3a19cdbf1d972ed2e3a7296beb19f3e219bdb2fc8834cae,UNCHANGED_FROM_PRE_TASK_AUTHORITY
supplementary_figures/S5/Supplementary_Fig_S5_FINAL_SUBMISSION.pdf,64fb8147b46553f05116afbfe13613ce55f7d8abb5817600c8c9636b1a5ce63e,64fb8147b46553f05116afbfe13613ce55f7d8abb5817600c8c9636b1a5ce63e,UNCHANGED_FROM_PRE_TASK_AUTHORITY
supplementary_figures/S6/Supplementary_Fig_S6_FINAL_LEGEND.txt,279525b55e5dd1722a3715cb3c840fb72237a7f3aae20a2433e12849aadfa30e,279525b55e5dd1722a3715cb3c840fb72237a7f3aae20a2433e12849aadfa30e,UNCHANGED_FROM_PRE_TASK_AUTHORITY
supplementary_figures/S6/SUPPLEMENTARY_FIG_S6_FINAL_SOURCE_DATA.xlsx,40e08a8bba5aced429fa5492d72309295d2216b427a72eeaa312f4cbd7ef9a54,40e08a8bba5aced429fa5492d72309295d2216b427a72eeaa312f4cbd7ef9a54,UNCHANGED_FROM_PRE_TASK_AUTHORITY
supplementary_figures/S6/Supplementary_Fig_S6_FINAL_SUBMISSION.pdf,276d302e998398d6163cddbf21267c16dba89814ff9f335abd79944b6c72fb7c,276d302e998398d6163cddbf21267c16dba89814ff9f335abd79944b6c72fb7c,UNCHANGED_FROM_PRE_TASK_AUTHORITY
supplementary_tables/DLBCL_continuous_model_Supplementary_Tables_FRONTIERS_FINAL_SUBMISSION_READY.xlsx,4398d470a7f287599ad2b770fdcba6fb3e37ca2501a1bc6c41f6d02a4a744949,4398d470a7f287599ad2b770fdcba6fb3e37ca2501a1bc6c41f6d02a4a744949,UNCHANGED_FROM_PRE_TASK_AUTHORITY
