file,source_authority,destination,size_bytes,sha256,classification,release_status,reason
all_9_spot_signature_scores_long.csv,D:\DLBCL_spatial_niche_project\07_submission_reproducibility_package_FINAL_SUBMISSION_READY\Supplementary_Data.zip::Supplementary_Data/01_spatial_scores/all_9_spot_signature_scores_long.csv,source_data/01_spatial_scores/all_9_spot_signature_scores_long.csv,30387235,b517e94bb847922dd41b939054ead01dc53cafbf4a2616d98db2a8e712aac47c,REQUIRED,INCLUDED,frozen spatial score source table
AREA_GENE_MATCHING_SUMMARIES.csv,D:\DLBCL_spatial_niche_project\07_submission_reproducibility_package_FINAL_SUBMISSION_READY\Supplementary_Data.zip::Supplementary_Data/02_matched_null/summaries/AREA_GENE_MATCHING_SUMMARIES.csv,source_data/02_matched_null/summaries/AREA_GENE_MATCHING_SUMMARIES.csv,20422266,c718d427e39d5b6f6eb86a94460f7cbaa39a14add2dd98bd0b669815e2d89a87,USEFUL,INCLUDED,current robustness or orthogonal benchmark summary
MATCHED_NULL_EMPIRICAL_TESTS.csv,D:\DLBCL_spatial_niche_project\07_submission_reproducibility_package_FINAL_SUBMISSION_READY\Supplementary_Data.zip::Supplementary_Data/02_matched_null/summaries/MATCHED_NULL_EMPIRICAL_TESTS.csv,source_data/02_matched_null/summaries/MATCHED_NULL_EMPIRICAL_TESTS.csv,21017,db742adccdc5f32bc2c52852818d1836d6a287440430f858667ed56f129344d0,USEFUL,INCLUDED,current robustness or orthogonal benchmark summary
MATCHED_RANDOM_SET_MEMBERSHIP_PARTITION_MANIFEST.csv,D:\DLBCL_spatial_niche_project\07_submission_reproducibility_package_FINAL_SUBMISSION_READY\Supplementary_Data.zip::Supplementary_Data/02_matched_null/summaries/MATCHED_RANDOM_SET_MEMBERSHIP_PARTITION_MANIFEST.csv,source_data/02_matched_null/summaries/MATCHED_RANDOM_SET_MEMBERSHIP_PARTITION_MANIFEST.csv,432945,43b1e8381561366ef95487b3e007dac7c8f0ba669a800ed05c366156113d161e,USEFUL,INCLUDED,current robustness or orthogonal benchmark summary
06P_SEPARATE_FDR_RESULTS.csv,D:\DLBCL_spatial_niche_project\07_submission_reproducibility_package_FINAL_SUBMISSION_READY\Supplementary_Data.zip::Supplementary_Data/03_depth_adjustment/06P_SEPARATE_FDR_RESULTS.csv,source_data/03_depth_adjustment/06P_SEPARATE_FDR_RESULTS.csv,39332,4753d0103997a1fa69cb2e241523147c727d50f24c5b3ec5c120ffb7d8ea0ced,USEFUL,INCLUDED,current robustness or orthogonal benchmark summary
DEPTH_RESIDUAL_PERMUTATION_SUMMARY.csv,D:\DLBCL_spatial_niche_project\07_submission_reproducibility_package_FINAL_SUBMISSION_READY\Supplementary_Data.zip::Supplementary_Data/03_depth_adjustment/DEPTH_RESIDUAL_PERMUTATION_SUMMARY.csv,source_data/03_depth_adjustment/DEPTH_RESIDUAL_PERMUTATION_SUMMARY.csv,13474,361ddeefec20b3c010a0fb85a30e683360cb3f0aa7b51fb50fdb9e502d963fb3,USEFUL,INCLUDED,current robustness or orthogonal benchmark summary
DEPTH_RESIDUAL_SPATIAL_STATISTICS.csv,D:\DLBCL_spatial_niche_project\07_submission_reproducibility_package_FINAL_SUBMISSION_READY\Supplementary_Data.zip::Supplementary_Data/03_depth_adjustment/DEPTH_RESIDUAL_SPATIAL_STATISTICS.csv,source_data/03_depth_adjustment/DEPTH_RESIDUAL_SPATIAL_STATISTICS.csv,17087,c557069dfec957d2168d023db3bef3ecac0eb0d2de521afc461687797a0d9809,USEFUL,INCLUDED,current robustness or orthogonal benchmark summary
SPOT_DEPTH_COVARIATES.csv,D:\DLBCL_spatial_niche_project\07_submission_reproducibility_package_FINAL_SUBMISSION_READY\Supplementary_Data.zip::Supplementary_Data/03_depth_adjustment/SPOT_DEPTH_COVARIATES.csv,source_data/03_depth_adjustment/SPOT_DEPTH_COVARIATES.csv,5360231,fbe85321f06456cd201b6f755a0f541ebd5103dd2194f3d3760c3d5f6f546bea,USEFUL,INCLUDED,current robustness or orthogonal benchmark summary
06Q_ANTIGEN_PRESENTATION_BALANCE_AUDIT.csv,D:\DLBCL_spatial_niche_project\07_submission_reproducibility_package_FINAL_SUBMISSION_READY\Supplementary_Data.zip::Supplementary_Data/04_matching_balance/06Q_ANTIGEN_PRESENTATION_BALANCE_AUDIT.csv,source_data/04_matching_balance/06Q_ANTIGEN_PRESENTATION_BALANCE_AUDIT.csv,3176,bed39bbe6555ffdd554b813e915ab17fb1d489b5128c97a207a2f062f58e2c86,USEFUL,INCLUDED,current robustness or orthogonal benchmark summary
06Q_AREA_PROGRAM_MATCHING_BALANCE_SUMMARY.csv,D:\DLBCL_spatial_niche_project\07_submission_reproducibility_package_FINAL_SUBMISSION_READY\Supplementary_Data.zip::Supplementary_Data/04_matching_balance/06Q_AREA_PROGRAM_MATCHING_BALANCE_SUMMARY.csv,source_data/04_matching_balance/06Q_AREA_PROGRAM_MATCHING_BALANCE_SUMMARY.csv,34518,25289c0736301d0d72d9a7f11c2414e3cc447cbd4a7018de9b19ee0e9d3ce0e3,USEFUL,INCLUDED,current robustness or orthogonal benchmark summary
06Q_BALANCE_DISTANCE_CORRELATIONS.csv,D:\DLBCL_spatial_niche_project\07_submission_reproducibility_package_FINAL_SUBMISSION_READY\Supplementary_Data.zip::Supplementary_Data/04_matching_balance/06Q_BALANCE_DISTANCE_CORRELATIONS.csv,source_data/04_matching_balance/06Q_BALANCE_DISTANCE_CORRELATIONS.csv,954,2ac3ad2cbe96c0692dbc1b794a1661ac31fd851c0421b2e741f7769517c0ebad,USEFUL,INCLUDED,current robustness or orthogonal benchmark summary
06Q_DLBCL_MATCHING_BALANCE_SUMMARY.csv,D:\DLBCL_spatial_niche_project\07_submission_reproducibility_package_FINAL_SUBMISSION_READY\Supplementary_Data.zip::Supplementary_Data/04_matching_balance/06Q_DLBCL_MATCHING_BALANCE_SUMMARY.csv,source_data/04_matching_balance/06Q_DLBCL_MATCHING_BALANCE_SUMMARY.csv,543,8c2636cf48e9d308815725ffea25543d3f0a7a5f2192547df4e396274519f81a,USEFUL,INCLUDED,current robustness or orthogonal benchmark summary
06Q_PROGRAM_LEVEL_MATCHING_BALANCE_SUMMARY.csv,D:\DLBCL_spatial_niche_project\07_submission_reproducibility_package_FINAL_SUBMISSION_READY\Supplementary_Data.zip::Supplementary_Data/04_matching_balance/06Q_PROGRAM_LEVEL_MATCHING_BALANCE_SUMMARY.csv,source_data/04_matching_balance/06Q_PROGRAM_LEVEL_MATCHING_BALANCE_SUMMARY.csv,1832,cda948ea69823d90351f9e37c9f77fbc7ab7ffcfb4e2d521c5d876f14513b88e,USEFUL,INCLUDED,current robustness or orthogonal benchmark summary
06R_CROSS_COHORT_CORRELATION_STRUCTURE.csv,D:\DLBCL_spatial_niche_project\07_submission_reproducibility_package_FINAL_SUBMISSION_READY\Supplementary_Data.zip::Supplementary_Data/05_orthogonal_TME_benchmark/06R_CROSS_COHORT_CORRELATION_STRUCTURE.csv,source_data/05_orthogonal_TME_benchmark/06R_CROSS_COHORT_CORRELATION_STRUCTURE.csv,636,35c7f389d2a958b6c42d75f2e2080151091f23142fa22a24b247980348e46b0a,USEFUL,INCLUDED,current robustness or orthogonal benchmark summary
06R_DISJOINT_MARKER_SCORES_LONG.csv,D:\DLBCL_spatial_niche_project\07_submission_reproducibility_package_FINAL_SUBMISSION_READY\Supplementary_Data.zip::Supplementary_Data/05_orthogonal_TME_benchmark/06R_DISJOINT_MARKER_SCORES_LONG.csv,source_data/05_orthogonal_TME_benchmark/06R_DISJOINT_MARKER_SCORES_LONG.csv,1248193,40f0661414a945993c13ccc96f156d627a02d88988e5da84f865e8408b9b0fae,USEFUL,INCLUDED,current robustness or orthogonal benchmark summary
06R_DISJOINT_MCP_PROGRAM_CORRELATIONS.csv,D:\DLBCL_spatial_niche_project\07_submission_reproducibility_package_FINAL_SUBMISSION_READY\Supplementary_Data.zip::Supplementary_Data/05_orthogonal_TME_benchmark/06R_DISJOINT_MCP_PROGRAM_CORRELATIONS.csv,source_data/05_orthogonal_TME_benchmark/06R_DISJOINT_MCP_PROGRAM_CORRELATIONS.csv,34001,dd2b2422c389dcf22b2967503a19ddb99c872559c90ed1d1867189903ba304b5,USEFUL,INCLUDED,current robustness or orthogonal benchmark summary
06R_GSE10846_ALL420_SENSITIVITY.csv,D:\DLBCL_spatial_niche_project\07_submission_reproducibility_package_FINAL_SUBMISSION_READY\Supplementary_Data.zip::Supplementary_Data/05_orthogonal_TME_benchmark/06R_GSE10846_ALL420_SENSITIVITY.csv,source_data/05_orthogonal_TME_benchmark/06R_GSE10846_ALL420_SENSITIVITY.csv,32052,9ebc726f58f834155e931997a00d5a9e82cc05365186499759b04b354a58ac27,USEFUL,INCLUDED,current robustness or orthogonal benchmark summary
06R_MCP_GLOBAL_DISJOINT_MARKER_SET_SUMMARY.csv,D:\DLBCL_spatial_niche_project\07_submission_reproducibility_package_FINAL_SUBMISSION_READY\Supplementary_Data.zip::Supplementary_Data/05_orthogonal_TME_benchmark/06R_MCP_GLOBAL_DISJOINT_MARKER_SET_SUMMARY.csv,source_data/05_orthogonal_TME_benchmark/06R_MCP_GLOBAL_DISJOINT_MARKER_SET_SUMMARY.csv,1089,3db16a136c159b01c86a699499b46b22027e0f09f8f7b66a7ed6fa5afcdd21b8,USEFUL,INCLUDED,current robustness or orthogonal benchmark summary
06R_MCP_MARKER_SETS_STANDARD.csv,D:\DLBCL_spatial_niche_project\07_submission_reproducibility_package_FINAL_SUBMISSION_READY\Supplementary_Data.zip::Supplementary_Data/05_orthogonal_TME_benchmark/06R_MCP_MARKER_SETS_STANDARD.csv,source_data/05_orthogonal_TME_benchmark/06R_MCP_MARKER_SETS_STANDARD.csv,6414,854b85e31910ec9a3f459c538a9849aeda9690260adbd1b4677c0b5f49b24d51,USEFUL,INCLUDED,current robustness or orthogonal benchmark summary
06R_MCP_PROGRAM_GENE_OVERLAP.csv,D:\DLBCL_spatial_niche_project\07_submission_reproducibility_package_FINAL_SUBMISSION_READY\Supplementary_Data.zip::Supplementary_Data/05_orthogonal_TME_benchmark/06R_MCP_PROGRAM_GENE_OVERLAP.csv,source_data/05_orthogonal_TME_benchmark/06R_MCP_PROGRAM_GENE_OVERLAP.csv,7849,552e1157fe629d1501bf67d73ba5b1c492de7a158146059da6a856e195919470,USEFUL,INCLUDED,current robustness or orthogonal benchmark summary
06R_PROGRAM_ABUNDANCE_10FOLD_CV.csv,D:\DLBCL_spatial_niche_project\07_submission_reproducibility_package_FINAL_SUBMISSION_READY\Supplementary_Data.zip::Supplementary_Data/05_orthogonal_TME_benchmark/06R_PROGRAM_ABUNDANCE_10FOLD_CV.csv,source_data/05_orthogonal_TME_benchmark/06R_PROGRAM_ABUNDANCE_10FOLD_CV.csv,3121,e03a63fef8b26323333f4477cdc6bd39dbb2afc8b2f6865bd31eec067b60140c,USEFUL,INCLUDED,current robustness or orthogonal benchmark summary
06R_PROGRAM_ABUNDANCE_OOF_PREDICTIONS.csv,D:\DLBCL_spatial_niche_project\07_submission_reproducibility_package_FINAL_SUBMISSION_READY\Supplementary_Data.zip::Supplementary_Data/05_orthogonal_TME_benchmark/06R_PROGRAM_ABUNDANCE_OOF_PREDICTIONS.csv,source_data/05_orthogonal_TME_benchmark/06R_PROGRAM_ABUNDANCE_OOF_PREDICTIONS.csv,1123004,575d6c5ccac32023e75fae67bae3101e979795b33edfae4b6fedc45a3ced097c,USEFUL,INCLUDED,current robustness or orthogonal benchmark summary
06R_PROGRAM_ABUNDANCE_PREDICTABILITY.csv,D:\DLBCL_spatial_niche_project\07_submission_reproducibility_package_FINAL_SUBMISSION_READY\Supplementary_Data.zip::Supplementary_Data/05_orthogonal_TME_benchmark/06R_PROGRAM_ABUNDANCE_PREDICTABILITY.csv,source_data/05_orthogonal_TME_benchmark/06R_PROGRAM_ABUNDANCE_PREDICTABILITY.csv,4334,b6205eb0104ce25efcffb0483714e6b1a9351eb0e64890f7106321492d89d526,USEFUL,INCLUDED,current robustness or orthogonal benchmark summary
06R_STANDARD_MCP_PROGRAM_CORRELATIONS.csv,D:\DLBCL_spatial_niche_project\07_submission_reproducibility_package_FINAL_SUBMISSION_READY\Supplementary_Data.zip::Supplementary_Data/05_orthogonal_TME_benchmark/06R_STANDARD_MCP_PROGRAM_CORRELATIONS.csv,source_data/05_orthogonal_TME_benchmark/06R_STANDARD_MCP_PROGRAM_CORRELATIONS.csv,34878,91d375ddd19822e3aeeb024c2d92d89733ee63c6f57262b317934f4b8a7d5a9b,USEFUL,INCLUDED,current robustness or orthogonal benchmark summary
06R_STANDARD_MCP_SCORES_LONG.csv,D:\DLBCL_spatial_niche_project\07_submission_reproducibility_package_FINAL_SUBMISSION_READY\Supplementary_Data.zip::Supplementary_Data/05_orthogonal_TME_benchmark/06R_STANDARD_MCP_SCORES_LONG.csv,source_data/05_orthogonal_TME_benchmark/06R_STANDARD_MCP_SCORES_LONG.csv,1235589,d143d1eb71a073bbdad5ad0a75da5378c15902e3390f51b64761bac7f787664e,USEFUL,INCLUDED,current robustness or orthogonal benchmark summary
canonical_programs_v2.csv,D:\DLBCL_spatial_niche_project\10_repository_figure_input_completion\04_zenodo_candidate\Supplementary_Data_REPOSITORY_COMPLETE.zip::Supplementary_Data/figure_rendering/Figure_1/canonical_programs_v2.csv,source_data/figure_rendering/Figure_1/canonical_programs_v2.csv,74741,0127ca95f3a599b7bb8b97147ec39dae5c394d2cb01d951bde2ed880c89bd20b,REQUIRED,INCLUDED,frozen main-figure input or final authority
source_S2A_memberships_export_2026-07-30.csv,D:\DLBCL_spatial_niche_project\10_repository_figure_input_completion\04_zenodo_candidate\Supplementary_Data_REPOSITORY_COMPLETE.zip::Supplementary_Data/figure_rendering/Figure_1/source_S2A_memberships_export_2026-07-30.csv,source_data/figure_rendering/Figure_1/source_S2A_memberships_export_2026-07-30.csv,25585,006f4cbc70a9c7522f1632b0d19bc0818aa97fa853834885e5db98f80125d7db,REQUIRED,INCLUDED,frozen main-figure input or final authority
spatial_niche_signatures.xlsx,D:\DLBCL_spatial_niche_project\10_repository_figure_input_completion\04_zenodo_candidate\Supplementary_Data_REPOSITORY_COMPLETE.zip::Supplementary_Data/figure_rendering/Figure_1/spatial_niche_signatures.xlsx,source_data/figure_rendering/Figure_1/spatial_niche_signatures.xlsx,58898,6038a39152782385259fbf55faf9527ac8bf4c0926fbe8027a9549405a118bd0,REQUIRED,INCLUDED,frozen main-figure input or final authority
GSE31312_COO_metadata.csv,D:\DLBCL_spatial_niche_project\10_repository_figure_input_completion\04_zenodo_candidate\Supplementary_Data_REPOSITORY_COMPLETE.zip::Supplementary_Data/figure_rendering/Figure_2/GSE31312_COO_metadata.csv,source_data/figure_rendering/Figure_2/GSE31312_COO_metadata.csv,18380,bd5b4668d983aad64f9ae0f0cb0e25d4090db618cac15838e0f52119f8b947e8,REQUIRED,INCLUDED,frozen main-figure input or final authority
GSE31312_COO_niche_score_kruskal_test.csv,D:\DLBCL_spatial_niche_project\10_repository_figure_input_completion\04_zenodo_candidate\Supplementary_Data_REPOSITORY_COMPLETE.zip::Supplementary_Data/figure_rendering/Figure_2/GSE31312_COO_niche_score_kruskal_test.csv,source_data/figure_rendering/Figure_2/GSE31312_COO_niche_score_kruskal_test.csv,469,9cf679b503c67e9cbd0d6dbbaf50e9187607e7c4ff9b397aa41b9642260a6d3b,REQUIRED,INCLUDED,frozen main-figure input or final authority
GSE31312_primary_score_matrix_498x6.csv,D:\DLBCL_spatial_niche_project\10_repository_figure_input_completion\04_zenodo_candidate\Supplementary_Data_REPOSITORY_COMPLETE.zip::Supplementary_Data/figure_rendering/Figure_2/GSE31312_primary_score_matrix_498x6.csv,source_data/figure_rendering/Figure_2/GSE31312_primary_score_matrix_498x6.csv,60804,e37132340336ac698a73a00229f9d045016c1653870c68276d77bacef15de55a,REQUIRED,INCLUDED,frozen main-figure input or final authority
PCA_SAMPLE_COORDINATES.csv,D:\DLBCL_spatial_niche_project\10_repository_figure_input_completion\04_zenodo_candidate\Supplementary_Data_REPOSITORY_COMPLETE.zip::Supplementary_Data/figure_rendering/Figure_2/PCA_SAMPLE_COORDINATES.csv,source_data/figure_rendering/Figure_2/PCA_SAMPLE_COORDINATES.csv,61236,6e5c5573cc9f2fd998740aa2ef7275b1d8cc5d3ebdfb398a30b39baa0f87571e,REQUIRED,INCLUDED,frozen main-figure input or final authority
ALL_VARIANT_K_THRESHOLD_FAILURE_MATRIX.csv,D:\DLBCL_spatial_niche_project\10_repository_figure_input_completion\04_zenodo_candidate\Supplementary_Data_REPOSITORY_COMPLETE.zip::Supplementary_Data/figure_rendering/Figure_3/ALL_VARIANT_K_THRESHOLD_FAILURE_MATRIX.csv,source_data/figure_rendering/Figure_3/ALL_VARIANT_K_THRESHOLD_FAILURE_MATRIX.csv,38663,e42a849363aafa7db058ff3adf20a1b7b198154893a69dccb82dcc081756d4cf,REQUIRED,INCLUDED,frozen main-figure input or final authority
BOOTSTRAP_FAILURE_DISTRIBUTION_SUMMARY.csv,D:\DLBCL_spatial_niche_project\10_repository_figure_input_completion\04_zenodo_candidate\Supplementary_Data_REPOSITORY_COMPLETE.zip::Supplementary_Data/figure_rendering/Figure_3/BOOTSTRAP_FAILURE_DISTRIBUTION_SUMMARY.csv,source_data/figure_rendering/Figure_3/BOOTSTRAP_FAILURE_DISTRIBUTION_SUMMARY.csv,13319,4377ff4e3bee76037cb530fc0bcce1a1c4fa34156328e8e22956bc5785d4d09d,REQUIRED,INCLUDED,frozen main-figure input or final authority
FIGURE3_EXPLAINED_VARIANCE_USED.csv,D:\DLBCL_spatial_niche_project\10_repository_figure_input_completion\04_zenodo_candidate\Supplementary_Data_REPOSITORY_COMPLETE.zip::Supplementary_Data/figure_rendering/Figure_3/FIGURE3_EXPLAINED_VARIANCE_USED.csv,source_data/figure_rendering/Figure_3/FIGURE3_EXPLAINED_VARIANCE_USED.csv,292,c032ba1ee5b8f9341b3a14eb96ddf1294cf0529c7440c63f9876524f2cd7c073,REQUIRED,INCLUDED,frozen main-figure input or final authority
FIGURE3_FINAL_DECISION_USED.csv,D:\DLBCL_spatial_niche_project\10_repository_figure_input_completion\04_zenodo_candidate\Supplementary_Data_REPOSITORY_COMPLETE.zip::Supplementary_Data/figure_rendering/Figure_3/FIGURE3_FINAL_DECISION_USED.csv,source_data/figure_rendering/Figure_3/FIGURE3_FINAL_DECISION_USED.csv,621,06670946087c41a732c512d7408ae9a30a76d936b80e0b2fdd34ae1b832eed1c,REQUIRED,INCLUDED,frozen main-figure input or final authority
FIGURE3_INPUT_MANIFEST_SHA256.csv,D:\DLBCL_spatial_niche_project\10_repository_figure_input_completion\04_zenodo_candidate\Supplementary_Data_REPOSITORY_COMPLETE.zip::Supplementary_Data/figure_rendering/Figure_3/FIGURE3_INPUT_MANIFEST_SHA256.csv,source_data/figure_rendering/Figure_3/FIGURE3_INPUT_MANIFEST_SHA256.csv,3099,b88357774c9125425596e4384e820656d291054726929a532aa2a66c139b80cd,REQUIRED,INCLUDED,frozen main-figure input or final authority
FIGURE3_PRIMARY_K_ADJUDICATION_USED.csv,D:\DLBCL_spatial_niche_project\10_repository_figure_input_completion\04_zenodo_candidate\Supplementary_Data_REPOSITORY_COMPLETE.zip::Supplementary_Data/figure_rendering/Figure_3/FIGURE3_PRIMARY_K_ADJUDICATION_USED.csv,source_data/figure_rendering/Figure_3/FIGURE3_PRIMARY_K_ADJUDICATION_USED.csv,2938,4e92174bdf71aecebb7e81be22a45cc964369c667aa196f3136e5ccda4706031,REQUIRED,INCLUDED,frozen main-figure input or final authority
FIGURE3_PRIMARY_K_FAILURE_COUNTS.csv,D:\DLBCL_spatial_niche_project\10_repository_figure_input_completion\04_zenodo_candidate\Supplementary_Data_REPOSITORY_COMPLETE.zip::Supplementary_Data/figure_rendering/Figure_3/FIGURE3_PRIMARY_K_FAILURE_COUNTS.csv,source_data/figure_rendering/Figure_3/FIGURE3_PRIMARY_K_FAILURE_COUNTS.csv,55,c379813d5d2f061bbe5fe535903c47f80619585ed451c9ba7ce0b2656233e5cb,REQUIRED,INCLUDED,frozen main-figure input or final authority
FIGURE3_PROGRAM_PC_ASSOCIATIONS_USED.csv,D:\DLBCL_spatial_niche_project\10_repository_figure_input_completion\04_zenodo_candidate\Supplementary_Data_REPOSITORY_COMPLETE.zip::Supplementary_Data/figure_rendering/Figure_3/FIGURE3_PROGRAM_PC_ASSOCIATIONS_USED.csv,source_data/figure_rendering/Figure_3/FIGURE3_PROGRAM_PC_ASSOCIATIONS_USED.csv,700,a5111b0792691c3608309b663bf1ee65bd1ae24dfa064822038bef7a6092ab1b,REQUIRED,INCLUDED,frozen main-figure input or final authority
FIGURE3_SENSITIVITY_VARIANT_ADJUDICATION.csv,D:\DLBCL_spatial_niche_project\10_repository_figure_input_completion\04_zenodo_candidate\Supplementary_Data_REPOSITORY_COMPLETE.zip::Supplementary_Data/figure_rendering/Figure_3/FIGURE3_SENSITIVITY_VARIANT_ADJUDICATION.csv,source_data/figure_rendering/Figure_3/FIGURE3_SENSITIVITY_VARIANT_ADJUDICATION.csv,38663,e42a849363aafa7db058ff3adf20a1b7b198154893a69dccb82dcc081756d4cf,REQUIRED,INCLUDED,frozen main-figure input or final authority
Figure_3_CONTINUOUS_GEOMETRY_AND_K_ADJUDICATION_FINAL.pdf,D:\DLBCL_spatial_niche_project\10_repository_figure_input_completion\04_zenodo_candidate\Supplementary_Data_REPOSITORY_COMPLETE.zip::Supplementary_Data/figure_rendering/Figure_3/Figure_3_CONTINUOUS_GEOMETRY_AND_K_ADJUDICATION_FINAL.pdf,source_data/figure_rendering/Figure_3/Figure_3_CONTINUOUS_GEOMETRY_AND_K_ADJUDICATION_FINAL.pdf,79731,ed593ff805cea2f0c012bbd380ba244e3a32acee1dea9d9d05901050a3c48138,REQUIRED,INCLUDED,frozen main-figure input or final authority
Figure_3_CONTINUOUS_GEOMETRY_AND_K_ADJUDICATION_FINAL_600dpi.tiff,D:\DLBCL_spatial_niche_project\10_repository_figure_input_completion\04_zenodo_candidate\Supplementary_Data_REPOSITORY_COMPLETE.zip::Supplementary_Data/figure_rendering/Figure_3/Figure_3_CONTINUOUS_GEOMETRY_AND_K_ADJUDICATION_FINAL_600dpi.tiff,source_data/figure_rendering/Figure_3/Figure_3_CONTINUOUS_GEOMETRY_AND_K_ADJUDICATION_FINAL_600dpi.tiff,1253110,1b563d0e16c90a465215b4bb0dbcd128327e197c0472cb5445b509adfedfc1b4,REQUIRED,INCLUDED,frozen main-figure input or final authority
Figure_3_CONTINUOUS_GEOMETRY_AND_K_ADJUDICATION_FINAL_preview.png,D:\DLBCL_spatial_niche_project\10_repository_figure_input_completion\04_zenodo_candidate\Supplementary_Data_REPOSITORY_COMPLETE.zip::Supplementary_Data/figure_rendering/Figure_3/Figure_3_CONTINUOUS_GEOMETRY_AND_K_ADJUDICATION_FINAL_preview.png,source_data/figure_rendering/Figure_3/Figure_3_CONTINUOUS_GEOMETRY_AND_K_ADJUDICATION_FINAL_preview.png,416032,9bd1693cd5dcabffb87574de812557d771918346af9d6ef6515549eb3b5b61af,REQUIRED,INCLUDED,frozen main-figure input or final authority
Figure_3_LEGEND_FINAL.md,D:\DLBCL_spatial_niche_project\10_repository_figure_input_completion\04_zenodo_candidate\Supplementary_Data_REPOSITORY_COMPLETE.zip::Supplementary_Data/figure_rendering/Figure_3/Figure_3_LEGEND_FINAL.md,source_data/figure_rendering/Figure_3/Figure_3_LEGEND_FINAL.md,1241,e4945bf964a9c489a14fca2ae4c83e1cb6ef9aa606f383f3a08102efddebce51,REQUIRED,INCLUDED,frozen main-figure input or final authority
FINAL_K_MODEL_FORM_ADJUDICATION_RULES.md,D:\DLBCL_spatial_niche_project\10_repository_figure_input_completion\04_zenodo_candidate\Supplementary_Data_REPOSITORY_COMPLETE.zip::Supplementary_Data/figure_rendering/Figure_3/FINAL_K_MODEL_FORM_ADJUDICATION_RULES.md,source_data/figure_rendering/Figure_3/FINAL_K_MODEL_FORM_ADJUDICATION_RULES.md,3676,69d5be65a49664e161c4e68f75479703acc38e217b0017e9ab2944e7486eed63,REQUIRED,INCLUDED,frozen main-figure input or final authority
GSE31312_primary_score_matrix_498x6.csv,D:\DLBCL_spatial_niche_project\10_repository_figure_input_completion\04_zenodo_candidate\Supplementary_Data_REPOSITORY_COMPLETE.zip::Supplementary_Data/figure_rendering/Figure_3/GSE31312_primary_score_matrix_498x6.csv,source_data/figure_rendering/Figure_3/GSE31312_primary_score_matrix_498x6.csv,60804,e37132340336ac698a73a00229f9d045016c1653870c68276d77bacef15de55a,REQUIRED,INCLUDED,frozen main-figure input or final authority
PCA_EXPLAINED_VARIANCE.csv,D:\DLBCL_spatial_niche_project\10_repository_figure_input_completion\04_zenodo_candidate\Supplementary_Data_REPOSITORY_COMPLETE.zip::Supplementary_Data/figure_rendering/Figure_3/PCA_EXPLAINED_VARIANCE.csv,source_data/figure_rendering/Figure_3/PCA_EXPLAINED_VARIANCE.csv,292,c032ba1ee5b8f9341b3a14eb96ddf1294cf0529c7440c63f9876524f2cd7c073,REQUIRED,INCLUDED,frozen main-figure input or final authority
PCA_PROGRAM_LOADINGS.csv,D:\DLBCL_spatial_niche_project\10_repository_figure_input_completion\04_zenodo_candidate\Supplementary_Data_REPOSITORY_COMPLETE.zip::Supplementary_Data/figure_rendering/Figure_3/PCA_PROGRAM_LOADINGS.csv,source_data/figure_rendering/Figure_3/PCA_PROGRAM_LOADINGS.csv,929,7e55483c3f6fde0798476915ee57f73976bd479848075d0c98319415fd2491e1,REQUIRED,INCLUDED,frozen main-figure input or final authority
PCA_SAMPLE_COORDINATES.csv,D:\DLBCL_spatial_niche_project\10_repository_figure_input_completion\04_zenodo_candidate\Supplementary_Data_REPOSITORY_COMPLETE.zip::Supplementary_Data/figure_rendering/Figure_3/PCA_SAMPLE_COORDINATES.csv,source_data/figure_rendering/Figure_3/PCA_SAMPLE_COORDINATES.csv,61236,6e5c5573cc9f2fd998740aa2ef7275b1d8cc5d3ebdfb398a30b39baa0f87571e,REQUIRED,INCLUDED,frozen main-figure input or final authority
PRIMARY_K2_K6_THRESHOLD_DECOMPOSITION.csv,D:\DLBCL_spatial_niche_project\10_repository_figure_input_completion\04_zenodo_candidate\Supplementary_Data_REPOSITORY_COMPLETE.zip::Supplementary_Data/figure_rendering/Figure_3/PRIMARY_K2_K6_THRESHOLD_DECOMPOSITION.csv,source_data/figure_rendering/Figure_3/PRIMARY_K2_K6_THRESHOLD_DECOMPOSITION.csv,2938,4e92174bdf71aecebb7e81be22a45cc964369c667aa196f3136e5ccda4706031,REQUIRED,INCLUDED,frozen main-figure input or final authority
STAGE4C2_FINAL_K_MODEL_FORM_ADJUDICATION_REPORT.md,D:\DLBCL_spatial_niche_project\10_repository_figure_input_completion\04_zenodo_candidate\Supplementary_Data_REPOSITORY_COMPLETE.zip::Supplementary_Data/figure_rendering/Figure_3/STAGE4C2_FINAL_K_MODEL_FORM_ADJUDICATION_REPORT.md,source_data/figure_rendering/Figure_3/STAGE4C2_FINAL_K_MODEL_FORM_ADJUDICATION_REPORT.md,4776,53464fd6e0db0d983b1772333f2b983d2f52d566a33473d4782196f16bf011a4,REQUIRED,INCLUDED,frozen main-figure input or final authority
THRESHOLD_FAILURE_FREQUENCY_BY_K.csv,D:\DLBCL_spatial_niche_project\10_repository_figure_input_completion\04_zenodo_candidate\Supplementary_Data_REPOSITORY_COMPLETE.zip::Supplementary_Data/figure_rendering/Figure_3/THRESHOLD_FAILURE_FREQUENCY_BY_K.csv,source_data/figure_rendering/Figure_3/THRESHOLD_FAILURE_FREQUENCY_BY_K.csv,3138,3545abd35bb1a4c66df3832ec72086aa5c572238aaa3aee5fcc372e77f46dd9d,REQUIRED,INCLUDED,frozen main-figure input or final authority
WP1_PROGRAM_PC_PEARSON_CORRELATIONS.csv,D:\DLBCL_spatial_niche_project\10_repository_figure_input_completion\04_zenodo_candidate\Supplementary_Data_REPOSITORY_COMPLETE.zip::Supplementary_Data/figure_rendering/Figure_3/WP1_PROGRAM_PC_PEARSON_CORRELATIONS.csv,source_data/figure_rendering/Figure_3/WP1_PROGRAM_PC_PEARSON_CORRELATIONS.csv,3699,889efdfd2b78fdda22919b641407ae58f74cb82e298ef1ee6da95b3e790e37a4,REQUIRED,INCLUDED,frozen main-figure input or final authority
GSE10846_PRIMARY_PEARSON_CORRELATION_MATRIX.csv,D:\DLBCL_spatial_niche_project\10_repository_figure_input_completion\04_zenodo_candidate\Supplementary_Data_REPOSITORY_COMPLETE.zip::Supplementary_Data/figure_rendering/Figure_4/GSE10846_PRIMARY_PEARSON_CORRELATION_MATRIX.csv,source_data/figure_rendering/Figure_4/GSE10846_PRIMARY_PEARSON_CORRELATION_MATRIX.csv,997,f3156d20e69703984131907c3c1bbd9b90047b73f3e5f61176c7fd8be106a0b9,REQUIRED,INCLUDED,frozen main-figure input or final authority
GSE10846_PRIMARY_SIX_PROGRAM_SCORES.csv,D:\DLBCL_spatial_niche_project\10_repository_figure_input_completion\04_zenodo_candidate\Supplementary_Data_REPOSITORY_COMPLETE.zip::Supplementary_Data/figure_rendering/Figure_4/GSE10846_PRIMARY_SIX_PROGRAM_SCORES.csv,source_data/figure_rendering/Figure_4/GSE10846_PRIMARY_SIX_PROGRAM_SCORES.csv,50797,c36e23c2c79b0ebee6c58c1fd771595d44521edf9f8162d53862afa7c86c6af1,REQUIRED,INCLUDED,frozen main-figure input or final authority
GSE181063_PRIMARY_PEARSON_CORRELATION_MATRIX.csv,D:\DLBCL_spatial_niche_project\10_repository_figure_input_completion\04_zenodo_candidate\Supplementary_Data_REPOSITORY_COMPLETE.zip::Supplementary_Data/figure_rendering/Figure_4/GSE181063_PRIMARY_PEARSON_CORRELATION_MATRIX.csv,source_data/figure_rendering/Figure_4/GSE181063_PRIMARY_PEARSON_CORRELATION_MATRIX.csv,995,8479411d0eb3324db37f904f5c99a90b19131802551ecab454c8f53908e58645,REQUIRED,INCLUDED,frozen main-figure input or final authority
GSE181063_PRIMARY_SIX_PROGRAM_SCORES.csv,D:\DLBCL_spatial_niche_project\10_repository_figure_input_completion\04_zenodo_candidate\Supplementary_Data_REPOSITORY_COMPLETE.zip::Supplementary_Data/figure_rendering/Figure_4/GSE181063_PRIMARY_SIX_PROGRAM_SCORES.csv,source_data/figure_rendering/Figure_4/GSE181063_PRIMARY_SIX_PROGRAM_SCORES.csv,159292,e541be634441a1025776c2bc9c3e0ddf6872d9e53736dae274043b13bf723b7d,REQUIRED,INCLUDED,frozen main-figure input or final authority
GSE31312_PEARSON_CORRELATION_MATRIX.csv,D:\DLBCL_spatial_niche_project\10_repository_figure_input_completion\04_zenodo_candidate\Supplementary_Data_REPOSITORY_COMPLETE.zip::Supplementary_Data/figure_rendering/Figure_4/GSE31312_PEARSON_CORRELATION_MATRIX.csv,source_data/figure_rendering/Figure_4/GSE31312_PEARSON_CORRELATION_MATRIX.csv,995,882d67ad6361b8a7e52a058eb406eec0a87a5bd8efb5969964c1c36bf44f1588,REQUIRED,INCLUDED,frozen main-figure input or final authority
WP2_CROSS_COHORT_INTEGRATION_SUMMARY.csv,D:\DLBCL_spatial_niche_project\10_repository_figure_input_completion\04_zenodo_candidate\Supplementary_Data_REPOSITORY_COMPLETE.zip::Supplementary_Data/figure_rendering/Figure_4/WP2_CROSS_COHORT_INTEGRATION_SUMMARY.csv,source_data/figure_rendering/Figure_4/WP2_CROSS_COHORT_INTEGRATION_SUMMARY.csv,2802,8be16ab88003286458b297189ed133cff3bdc78fd8a2a0b41db4e3cdbfa927f8,REQUIRED,INCLUDED,frozen main-figure input or final authority
WP2_EXTERNAL_CONTINUOUS_VALIDATION_REPORT.md,D:\DLBCL_spatial_niche_project\10_repository_figure_input_completion\04_zenodo_candidate\Supplementary_Data_REPOSITORY_COMPLETE.zip::Supplementary_Data/figure_rendering/Figure_4/WP2_EXTERNAL_CONTINUOUS_VALIDATION_REPORT.md,source_data/figure_rendering/Figure_4/WP2_EXTERNAL_CONTINUOUS_VALIDATION_REPORT.md,1768,caca4921c4c051664c3ed3520a52a36a89667cc8d6abefdf6da75ba06f462ac3,REQUIRED,INCLUDED,frozen main-figure input or final authority
WP2_FINAL_FILE_MANIFEST_V2.csv,D:\DLBCL_spatial_niche_project\10_repository_figure_input_completion\04_zenodo_candidate\Supplementary_Data_REPOSITORY_COMPLETE.zip::Supplementary_Data/figure_rendering/Figure_4/WP2_FINAL_FILE_MANIFEST_V2.csv,source_data/figure_rendering/Figure_4/WP2_FINAL_FILE_MANIFEST_V2.csv,14697,8fc747e8b76bf78f4930fd700523fb8a4c01cb75754225ed646c0cdd85d3ad9e,REQUIRED,INCLUDED,frozen main-figure input or final authority
WP2_FINAL_VALIDATOR_REPORT.txt,D:\DLBCL_spatial_niche_project\10_repository_figure_input_completion\04_zenodo_candidate\Supplementary_Data_REPOSITORY_COMPLETE.zip::Supplementary_Data/figure_rendering/Figure_4/WP2_FINAL_VALIDATOR_REPORT.txt,source_data/figure_rendering/Figure_4/WP2_FINAL_VALIDATOR_REPORT.txt,224,d1d8ce1a2a32a41c54c0c9c072f42d8b36cd924ccb0b951b6583454ce38596c4,REQUIRED,INCLUDED,frozen main-figure input or final authority
WP2_HUMAN_DECISIONS_FREEZE.csv,D:\DLBCL_spatial_niche_project\10_repository_figure_input_completion\04_zenodo_candidate\Supplementary_Data_REPOSITORY_COMPLETE.zip::Supplementary_Data/figure_rendering/Figure_4/WP2_HUMAN_DECISIONS_FREEZE.csv,source_data/figure_rendering/Figure_4/WP2_HUMAN_DECISIONS_FREEZE.csv,1748,a822077eabed24272b7304554176499c7740bace3e74c52bca35ecec6cbb7cc6,REQUIRED,INCLUDED,frozen main-figure input or final authority
WP2_POSTRUN_PREFLIGHT_REPORT_V2.txt,D:\DLBCL_spatial_niche_project\10_repository_figure_input_completion\04_zenodo_candidate\Supplementary_Data_REPOSITORY_COMPLETE.zip::Supplementary_Data/figure_rendering/Figure_4/WP2_POSTRUN_PREFLIGHT_REPORT_V2.txt,source_data/figure_rendering/Figure_4/WP2_POSTRUN_PREFLIGHT_REPORT_V2.txt,270,24d6090f89963e1357c997640f73faac34b97a5313f388be0666b84e9c0b4741,REQUIRED,INCLUDED,frozen main-figure input or final authority
WP2_PRIMARY_CORRELATION_EDGES_LONG.csv,D:\DLBCL_spatial_niche_project\10_repository_figure_input_completion\04_zenodo_candidate\Supplementary_Data_REPOSITORY_COMPLETE.zip::Supplementary_Data/figure_rendering/Figure_4/WP2_PRIMARY_CORRELATION_EDGES_LONG.csv,source_data/figure_rendering/Figure_4/WP2_PRIMARY_CORRELATION_EDGES_LONG.csv,4533,ec40e6ddd6ec859d0895600e167ce90a709192a4fa2d3f09262162c02658aeb6,REQUIRED,INCLUDED,frozen main-figure input or final authority
WP2_STRUCTURAL_REPLICATION_POINT_ESTIMATES.csv,D:\DLBCL_spatial_niche_project\10_repository_figure_input_completion\04_zenodo_candidate\Supplementary_Data_REPOSITORY_COMPLETE.zip::Supplementary_Data/figure_rendering/Figure_4/WP2_STRUCTURAL_REPLICATION_POINT_ESTIMATES.csv,source_data/figure_rendering/Figure_4/WP2_STRUCTURAL_REPLICATION_POINT_ESTIMATES.csv,397,198e4f7e8feac1ab1071e99b6505a008b0cb1fe5a405e38ffba0c98422330f89,REQUIRED,INCLUDED,frozen main-figure input or final authority
FIGURE6A_CANONICAL_SPOT_SOURCE_DATA.csv,current frozen Figure 6 authority (see FIGURE6_FINAL_SOURCE_HASH_QC.csv),source_data/figure_rendering/Figure_6/FIGURE6A_CANONICAL_SPOT_SOURCE_DATA.csv,466123,b0c869266911f97f84e5f40a8a41b33e24882af67af907b8e5775bfdac6876f3,REQUIRED,INCLUDED,frozen main-figure input or final authority
WP3_ANTIGEN_PRESENTATION_COVERAGE_AND_RESULT_LIMITATION.csv,current frozen Figure 6 authority (see FIGURE6_FINAL_SOURCE_HASH_QC.csv),source_data/figure_rendering/Figure_6/WP3_ANTIGEN_PRESENTATION_COVERAGE_AND_RESULT_LIMITATION.csv,3570,88310f695649af75e3988e1dac5ce29c2f63c0731cbf3d20bd14fc62192d87cf,REQUIRED,INCLUDED,frozen main-figure input or final authority
WP3_FINAL_AREA_AUTHORITY_REGISTRY.csv,current frozen Figure 6 authority (see FIGURE6_FINAL_SOURCE_HASH_QC.csv),source_data/figure_rendering/Figure_6/WP3_FINAL_AREA_AUTHORITY_REGISTRY.csv,976,6ce35d08c3b62a78099eb3bbf52595bc07b62fbe9ae130d435b0306bc7892c88,REQUIRED,INCLUDED,frozen main-figure input or final authority
WP3_FINAL_BIVARIATE_AUTHORITY.csv,current frozen Figure 6 authority (see FIGURE6_FINAL_SOURCE_HASH_QC.csv),source_data/figure_rendering/Figure_6/WP3_FINAL_BIVARIATE_AUTHORITY.csv,23757,acdd0d987ae3113f61d49e1813321bb51853e8fa333c57fd9ee357241366d3fd,REQUIRED,INCLUDED,frozen main-figure input or final authority
WP3_FINAL_METHOD_CONCORDANCE_AUTHORITY.csv,current frozen Figure 6 authority (see FIGURE6_FINAL_SOURCE_HASH_QC.csv),source_data/figure_rendering/Figure_6/WP3_FINAL_METHOD_CONCORDANCE_AUTHORITY.csv,12592,a321ce59eaf06760137f7529a28801a7445889eaf3b748c903a018f27d8ad3a7,REQUIRED,INCLUDED,frozen main-figure input or final authority
WP3_FINAL_MORAN_GEARY_AUTHORITY.csv,current frozen Figure 6 authority (see FIGURE6_FINAL_SOURCE_HASH_QC.csv),source_data/figure_rendering/Figure_6/WP3_FINAL_MORAN_GEARY_AUTHORITY.csv,12214,1a82ed4cb500374f6f4e6c51c870f34945ad1f8bd5e6c1cf177685f9292c5153,REQUIRED,INCLUDED,frozen main-figure input or final authority
README.md,D:\DLBCL_spatial_niche_project\07_submission_reproducibility_package_FINAL_SUBMISSION_READY\Supplementary_Data.zip::Supplementary_Data/README.md,source_data/README.md,1063,37f41840e0e72e2558848a409b0918fdd49cacbad3c14e73a991eb3c473f0c86,USEFUL,INCLUDED,current workflow documentation/source
FIGURE5_PANEL_A_SOURCE_DATA.csv.gz,D:\DLBCL_spatial_niche_project\07_submission_reproducibility_package_FINAL_SUBMISSION_READY\Supplementary_Data.zip::Supplementary_Data/single_cell/FIGURE5_PANEL_A_SOURCE_DATA.csv.gz,source_data/single_cell/FIGURE5_PANEL_A_SOURCE_DATA.csv.gz,363556,620348d338c3ae3d84403c9cb604677cfb76e106f192785850eea40a787b7e09,REQUIRED,INCLUDED,frozen Figure 5 and single-cell contextualization source
FIGURE5_PANEL_B_SOURCE_DATA.csv.gz,D:\DLBCL_spatial_niche_project\07_submission_reproducibility_package_FINAL_SUBMISSION_READY\Supplementary_Data.zip::Supplementary_Data/single_cell/FIGURE5_PANEL_B_SOURCE_DATA.csv.gz,source_data/single_cell/FIGURE5_PANEL_B_SOURCE_DATA.csv.gz,3565035,c5e28c026bd878ce5b08fb883e703b2b3e8c459924d84ce958284103b59ad03f,REQUIRED,INCLUDED,frozen Figure 5 and single-cell contextualization source
FIGURE5_PANEL_C_SOURCE_DATA.csv,D:\DLBCL_spatial_niche_project\07_submission_reproducibility_package_FINAL_SUBMISSION_READY\Supplementary_Data.zip::Supplementary_Data/single_cell/FIGURE5_PANEL_C_SOURCE_DATA.csv,source_data/single_cell/FIGURE5_PANEL_C_SOURCE_DATA.csv,8199,ad3e11ef7523e9adcb0c6f76995b3a2afbff2e57cf22801e3831c62d3d025f28,REQUIRED,INCLUDED,frozen Figure 5 and single-cell contextualization source
FIGURE5_PANEL_D_COVERAGE_QC.csv,D:\DLBCL_spatial_niche_project\07_submission_reproducibility_package_FINAL_SUBMISSION_READY\Supplementary_Data.zip::Supplementary_Data/single_cell/FIGURE5_PANEL_D_COVERAGE_QC.csv,source_data/single_cell/FIGURE5_PANEL_D_COVERAGE_QC.csv,1093,5ebabf2352d1612c1a22d3af74db8d8a2197128e49bf795c24dcb31db6a525cb,REQUIRED,INCLUDED,frozen Figure 5 and single-cell contextualization source
FIGURE5_PANEL_D_SOURCE_DATA.csv,D:\DLBCL_spatial_niche_project\07_submission_reproducibility_package_FINAL_SUBMISSION_READY\Supplementary_Data.zip::Supplementary_Data/single_cell/FIGURE5_PANEL_D_SOURCE_DATA.csv,source_data/single_cell/FIGURE5_PANEL_D_SOURCE_DATA.csv,25515,8fbd50f934103413fd204a5d16e2e4690c1b3dc8be16e464392dddf3f5fd59dc,REQUIRED,INCLUDED,frozen Figure 5 and single-cell contextualization source
FIGURE5_RAW_UCELL_SCORES.csv.gz,D:\DLBCL_spatial_niche_project\07_submission_reproducibility_package_FINAL_SUBMISSION_READY\Supplementary_Data.zip::Supplementary_Data/single_cell/FIGURE5_RAW_UCELL_SCORES.csv.gz,source_data/single_cell/FIGURE5_RAW_UCELL_SCORES.csv.gz,675393,153993d4894150bcb15efcc73774e24a755077b5df8c53d763c58af61141c7f0,REQUIRED,INCLUDED,frozen Figure 5 and single-cell contextualization source
FIGURE5_UCELL_SCORES_WITH_DISPLAY_Z.csv.gz,D:\DLBCL_spatial_niche_project\07_submission_reproducibility_package_FINAL_SUBMISSION_READY\Supplementary_Data.zip::Supplementary_Data/single_cell/FIGURE5_UCELL_SCORES_WITH_DISPLAY_Z.csv.gz,source_data/single_cell/FIGURE5_UCELL_SCORES_WITH_DISPLAY_Z.csv.gz,1349234,ce052a21af685f1d516d9ffec9089b1ad2f76ca6b459bbab5e8b0015e721eabf,REQUIRED,INCLUDED,frozen Figure 5 and single-cell contextualization source
FIGURE5_UMAP_COORDINATES.csv.gz,D:\DLBCL_spatial_niche_project\07_submission_reproducibility_package_FINAL_SUBMISSION_READY\Supplementary_Data.zip::Supplementary_Data/single_cell/FIGURE5_UMAP_COORDINATES.csv.gz,source_data/single_cell/FIGURE5_UMAP_COORDINATES.csv.gz,370378,6939a04dae9d59d6c10c97c67539d0bc658dba83f4d49a080d60af0934e06eb5,REQUIRED,INCLUDED,frozen Figure 5 and single-cell contextualization source
GSE182434_canonical_gene_coverage.csv,D:\DLBCL_spatial_niche_project\07_submission_reproducibility_package_FINAL_SUBMISSION_READY\Supplementary_Data.zip::Supplementary_Data/single_cell/GSE182434_canonical_gene_coverage.csv,source_data/single_cell/GSE182434_canonical_gene_coverage.csv,23736,ced48ff7c06bb2955d46ecbd633ef5f8ac89ff9b22d78915f1b4c4469278f394,REQUIRED,INCLUDED,frozen Figure 5 and single-cell contextualization source
GSE182434_program_coverage_summary.csv,D:\DLBCL_spatial_niche_project\07_submission_reproducibility_package_FINAL_SUBMISSION_READY\Supplementary_Data.zip::Supplementary_Data/single_cell/GSE182434_program_coverage_summary.csv,source_data/single_cell/GSE182434_program_coverage_summary.csv,363,4bba3a586e7ac5389b585c7190e162a103d5f3f6ecb8b865c02c787985ff1059,REQUIRED,INCLUDED,frozen Figure 5 and single-cell contextualization source
MATCHED_RANDOM_SET_MEMBERSHIP_PARTITIONS/*,frozen data archive,not released,,,REDUNDANT,EXCLUDED,487 replicate-membership partitions replaced by frozen summary tables and seed/input registries
06Q_REPLICATE_LEVEL_MATCHING_BALANCE.csv,frozen data archive,not released,25824905,,REDUNDANT,EXCLUDED,large replicate-level intermediate; program/area/DLBCL summaries retained
"raw GEO matrices, sequencing reads, objects, and histology images",GEO,GEO pointer only,,,TOO_LARGE_EXTERNAL,EXCLUDED,obtain from original GEO accessions under source terms
retired four-class/taxonomy outputs,historical internal stages,not released,,,LEGACY,EXCLUDED,not part of final continuous model
