"dataset","cohort_definition","excluded_from_primary_profiles","benchmark_type","program_id","program_name","population","n_complete","pearson_r","pearson_ci_low","pearson_ci_high","spearman_rho"
"GSE10846","ALL420_SENSITIVITY","GSM361239;GSM361240;GSM361241;GSM361242;GSM361243;GSM361244","STANDARD_MCP_COUNTER","macrophage_rich","Macrophage-rich program","T cells",420,0.320709248116304,0.232145375563798,0.4039992665234,0.33448109660814
"GSE10846","ALL420_SENSITIVITY","GSM361239;GSM361240;GSM361241;GSM361242;GSM361243;GSM361244","STANDARD_MCP_COUNTER","macrophage_rich","Macrophage-rich program","CD8 T cells",420,0.306530444404318,0.217213644118084,0.390756997629429,0.327233361070814
"GSE10846","ALL420_SENSITIVITY","GSM361239;GSM361240;GSM361241;GSM361242;GSM361243;GSM361244","STANDARD_MCP_COUNTER","macrophage_rich","Macrophage-rich program","Cytotoxic lymphocytes",420,0.484490586246257,0.407703743535321,0.554473209408175,0.522172422598156
"GSE10846","ALL420_SENSITIVITY","GSM361239;GSM361240;GSM361241;GSM361242;GSM361243;GSM361244","STANDARD_MCP_COUNTER","macrophage_rich","Macrophage-rich program","B lineage",420,-0.286684935080012,-0.372163586455081,-0.196384253281141,-0.415686937635982
"GSE10846","ALL420_SENSITIVITY","GSM361239;GSM361240;GSM361241;GSM361242;GSM361243;GSM361244","STANDARD_MCP_COUNTER","macrophage_rich","Macrophage-rich program","NK cells",420,0.120813093784997,0.0254189939867315,0.214026819676955,0.140100405493066
"GSE10846","ALL420_SENSITIVITY","GSM361239;GSM361240;GSM361241;GSM361242;GSM361243;GSM361244","STANDARD_MCP_COUNTER","macrophage_rich","Macrophage-rich program","Monocytic lineage",420,0.682553935404082,0.62787379458546,0.73052941311272,0.622514380952921
"GSE10846","ALL420_SENSITIVITY","GSM361239;GSM361240;GSM361241;GSM361242;GSM361243;GSM361244","STANDARD_MCP_COUNTER","macrophage_rich","Macrophage-rich program","Myeloid dendritic cells",420,0.159198603849424,0.0644930998327165,0.251062030869463,0.120833871041609
"GSE10846","ALL420_SENSITIVITY","GSM361239;GSM361240;GSM361241;GSM361242;GSM361243;GSM361244","STANDARD_MCP_COUNTER","macrophage_rich","Macrophage-rich program","Neutrophils",420,0.336120056626978,0.248422011905716,0.418352682369383,0.363280433504275
"GSE10846","ALL420_SENSITIVITY","GSM361239;GSM361240;GSM361241;GSM361242;GSM361243;GSM361244","STANDARD_MCP_COUNTER","macrophage_rich","Macrophage-rich program","Endothelial cells",420,0.306162992647316,0.216827234682667,0.390413352626213,0.224696609067269
"GSE10846","ALL420_SENSITIVITY","GSM361239;GSM361240;GSM361241;GSM361242;GSM361243;GSM361244","STANDARD_MCP_COUNTER","macrophage_rich","Macrophage-rich program","Fibroblasts",420,0.426777225219297,0.345185775766604,0.501966165111298,0.303139392594548
"GSE10846","ALL420_SENSITIVITY","GSM361239;GSM361240;GSM361241;GSM361242;GSM361243;GSM361244","STANDARD_MCP_COUNTER","t_cell_inflamed","T cell-inflamed program","T cells",420,0.800989348255982,0.76384642876165,0.832843950574457,0.827820162076566
"GSE10846","ALL420_SENSITIVITY","GSM361239;GSM361240;GSM361241;GSM361242;GSM361243;GSM361244","STANDARD_MCP_COUNTER","t_cell_inflamed","T cell-inflamed program","CD8 T cells",420,0.599868557824315,0.534882992951625,0.657798735238887,0.618481890682088
"GSE10846","ALL420_SENSITIVITY","GSM361239;GSM361240;GSM361241;GSM361242;GSM361243;GSM361244","STANDARD_MCP_COUNTER","t_cell_inflamed","T cell-inflamed program","Cytotoxic lymphocytes",420,0.755896689376257,0.711685064585802,0.794144039486343,0.789113785801654
"GSE10846","ALL420_SENSITIVITY","GSM361239;GSM361240;GSM361241;GSM361242;GSM361243;GSM361244","STANDARD_MCP_COUNTER","t_cell_inflamed","T cell-inflamed program","B lineage",420,-0.124626841251021,-0.217718438784518,-0.0292881584964925,-0.223960138418348
"GSE10846","ALL420_SENSITIVITY","GSM361239;GSM361240;GSM361241;GSM361242;GSM361243;GSM361244","STANDARD_MCP_COUNTER","t_cell_inflamed","T cell-inflamed program","NK cells",420,0.30116021449939,0.211569135349526,0.385732361547926,0.320683547768735
"GSE10846","ALL420_SENSITIVITY","GSM361239;GSM361240;GSM361241;GSM361242;GSM361243;GSM361244","STANDARD_MCP_COUNTER","t_cell_inflamed","T cell-inflamed program","Monocytic lineage",420,0.574976607932281,0.50719360267335,0.635689957767211,0.55471824022326
"GSE10846","ALL420_SENSITIVITY","GSM361239;GSM361240;GSM361241;GSM361242;GSM361243;GSM361244","STANDARD_MCP_COUNTER","t_cell_inflamed","T cell-inflamed program","Myeloid dendritic cells",420,0.361700423614993,0.275549336454823,0.442087560724606,0.351298519423726
"GSE10846","ALL420_SENSITIVITY","GSM361239;GSM361240;GSM361241;GSM361242;GSM361243;GSM361244","STANDARD_MCP_COUNTER","t_cell_inflamed","T cell-inflamed program","Neutrophils",420,0.284238874971753,0.193822554072893,0.369867094910327,0.328539223055138
"GSE10846","ALL420_SENSITIVITY","GSM361239;GSM361240;GSM361241;GSM361242;GSM361243;GSM361244","STANDARD_MCP_COUNTER","t_cell_inflamed","T cell-inflamed program","Endothelial cells",420,0.059470714905941,-0.0364245160299073,0.154280712766275,0.109553261153894
"GSE10846","ALL420_SENSITIVITY","GSM361239;GSM361240;GSM361241;GSM361242;GSM361243;GSM361244","STANDARD_MCP_COUNTER","t_cell_inflamed","T cell-inflamed program","Fibroblasts",420,0.0539530489721906,-0.0419514846023667,0.148872424199231,0.0286276323237984
"GSE10846","ALL420_SENSITIVITY","GSM361239;GSM361240;GSM361241;GSM361242;GSM361243;GSM361244","STANDARD_MCP_COUNTER","antigen_presentation","Immune-inflamed / antigen-presentation program","T cells",420,0.576958175229139,0.509392750456095,0.637453622250879,0.55889037915223
"GSE10846","ALL420_SENSITIVITY","GSM361239;GSM361240;GSM361241;GSM361242;GSM361243;GSM361244","STANDARD_MCP_COUNTER","antigen_presentation","Immune-inflamed / antigen-presentation program","CD8 T cells",420,0.363187508448403,0.277130583438032,0.443463906530723,0.362156880609525
"GSE10846","ALL420_SENSITIVITY","GSM361239;GSM361240;GSM361241;GSM361242;GSM361243;GSM361244","STANDARD_MCP_COUNTER","antigen_presentation","Immune-inflamed / antigen-presentation program","Cytotoxic lymphocytes",420,0.492471296730107,0.416405875716752,0.561690392636358,0.505333404492366
"GSE10846","ALL420_SENSITIVITY","GSM361239;GSM361240;GSM361241;GSM361242;GSM361243;GSM361244","STANDARD_MCP_COUNTER","antigen_presentation","Immune-inflamed / antigen-presentation program","B lineage",420,0.0194884287092983,-0.076341886697455,0.114961999129974,-0.0734386279092378
"GSE10846","ALL420_SENSITIVITY","GSM361239;GSM361240;GSM361241;GSM361242;GSM361243;GSM361244","STANDARD_MCP_COUNTER","antigen_presentation","Immune-inflamed / antigen-presentation program","NK cells",420,0.224851201885461,0.13200337478522,0.313787836115826,0.27680461421469
"GSE10846","ALL420_SENSITIVITY","GSM361239;GSM361240;GSM361241;GSM361242;GSM361243;GSM361244","STANDARD_MCP_COUNTER","antigen_presentation","Immune-inflamed / antigen-presentation program","Monocytic lineage",420,0.578442883668773,0.511041061720424,0.638774649592942,0.57959269286431
"GSE10846","ALL420_SENSITIVITY","GSM361239;GSM361240;GSM361241;GSM361242;GSM361243;GSM361244","STANDARD_MCP_COUNTER","antigen_presentation","Immune-inflamed / antigen-presentation program","Myeloid dendritic cells",420,0.252502632231403,0.160697362652157,0.339976261881653,0.25224068960231
"GSE10846","ALL420_SENSITIVITY","GSM361239;GSM361240;GSM361241;GSM361242;GSM361243;GSM361244","STANDARD_MCP_COUNTER","antigen_presentation","Immune-inflamed / antigen-presentation program","Neutrophils",420,0.196371886656969,0.102612058255988,0.286673129531966,0.270021231900508
"GSE10846","ALL420_SENSITIVITY","GSM361239;GSM361240;GSM361241;GSM361242;GSM361243;GSM361244","STANDARD_MCP_COUNTER","antigen_presentation","Immune-inflamed / antigen-presentation program","Endothelial cells",420,-0.012782504785683,-0.108337945666851,0.0830069761369336,0.0667718394905057
"GSE10846","ALL420_SENSITIVITY","GSM361239;GSM361240;GSM361241;GSM361242;GSM361243;GSM361244","STANDARD_MCP_COUNTER","antigen_presentation","Immune-inflamed / antigen-presentation program","Fibroblasts",420,0.037287925570338,-0.0586091446232642,0.132503106249634,0.0720690836439792
"GSE10846","ALL420_SENSITIVITY","GSM361239;GSM361240;GSM361241;GSM361242;GSM361243;GSM361244","STANDARD_MCP_COUNTER","stromal_fibrotic","Stromal / fibrotic program","T cells",420,0.0377643859296778,-0.0581336380546936,0.132971831806301,0.0312732592132147
"GSE10846","ALL420_SENSITIVITY","GSM361239;GSM361240;GSM361241;GSM361242;GSM361243;GSM361244","STANDARD_MCP_COUNTER","stromal_fibrotic","Stromal / fibrotic program","CD8 T cells",420,0.0275263505868385,-0.0683416095788604,0.122890616518778,0.0267343703496763
"GSE10846","ALL420_SENSITIVITY","GSM361239;GSM361240;GSM361241;GSM361242;GSM361243;GSM361244","STANDARD_MCP_COUNTER","stromal_fibrotic","Stromal / fibrotic program","Cytotoxic lymphocytes",420,0.0823601824315272,-0.0134336388850901,0.176655931185438,0.0744719215667666
"GSE10846","ALL420_SENSITIVITY","GSM361239;GSM361240;GSM361241;GSM361242;GSM361243;GSM361244","STANDARD_MCP_COUNTER","stromal_fibrotic","Stromal / fibrotic program","B lineage",420,-0.0738839890709231,-0.168381516597455,0.0219592107830327,-0.163862856521816
"GSE10846","ALL420_SENSITIVITY","GSM361239;GSM361240;GSM361241;GSM361242;GSM361243;GSM361244","STANDARD_MCP_COUNTER","stromal_fibrotic","Stromal / fibrotic program","NK cells",420,-0.00307013741837326,-0.0987290857230233,0.0926450318489233,0.0311527519187427
"GSE10846","ALL420_SENSITIVITY","GSM361239;GSM361240;GSM361241;GSM361242;GSM361243;GSM361244","STANDARD_MCP_COUNTER","stromal_fibrotic","Stromal / fibrotic program","Monocytic lineage",420,0.536736147218015,0.464926436673661,0.601530009857319,0.423452351932672
"GSE10846","ALL420_SENSITIVITY","GSM361239;GSM361240;GSM361241;GSM361242;GSM361243;GSM361244","STANDARD_MCP_COUNTER","stromal_fibrotic","Stromal / fibrotic program","Myeloid dendritic cells",420,-0.0245171467246167,-0.11992375857617,0.0713381647518101,-0.0964798265555238
"GSE10846","ALL420_SENSITIVITY","GSM361239;GSM361240;GSM361241;GSM361242;GSM361243;GSM361244","STANDARD_MCP_COUNTER","stromal_fibrotic","Stromal / fibrotic program","Neutrophils",420,0.18465733066848,0.0905696978453211,0.275477734292535,0.239883951389744
"GSE10846","ALL420_SENSITIVITY","GSM361239;GSM361240;GSM361241;GSM361242;GSM361243;GSM361244","STANDARD_MCP_COUNTER","stromal_fibrotic","Stromal / fibrotic program","Endothelial cells",420,0.624727402391835,0.562675568592069,0.679778927831821,0.594797994481666
"GSE10846","ALL420_SENSITIVITY","GSM361239;GSM361240;GSM361241;GSM361242;GSM361243;GSM361244","STANDARD_MCP_COUNTER","stromal_fibrotic","Stromal / fibrotic program","Fibroblasts",420,0.908396276855203,0.890076029015305,0.92378633769997,0.909761717146113
"GSE10846","ALL420_SENSITIVITY","GSM361239;GSM361240;GSM361241;GSM361242;GSM361243;GSM361244","STANDARD_MCP_COUNTER","immune_cold_exclusion","Immune-cold / exclusion-associated program","T cells",420,0.253606352582548,0.161845926986252,0.341018777603365,0.255232425808716
"GSE10846","ALL420_SENSITIVITY","GSM361239;GSM361240;GSM361241;GSM361242;GSM361243;GSM361244","STANDARD_MCP_COUNTER","immune_cold_exclusion","Immune-cold / exclusion-associated program","CD8 T cells",420,0.0998785191405382,0.00423100310272116,0.193715103233315,0.0932530769339864
"GSE10846","ALL420_SENSITIVITY","GSM361239;GSM361240;GSM361241;GSM361242;GSM361243;GSM361244","STANDARD_MCP_COUNTER","immune_cold_exclusion","Immune-cold / exclusion-associated program","Cytotoxic lymphocytes",420,0.235913566644533,0.143464187105656,0.324281168077696,0.203163542647517
"GSE10846","ALL420_SENSITIVITY","GSM361239;GSM361240;GSM361241;GSM361242;GSM361243;GSM361244","STANDARD_MCP_COUNTER","immune_cold_exclusion","Immune-cold / exclusion-associated program","B lineage",420,0.00952155140508832,-0.0862449786595559,0.105113734974733,-0.00312481537896698
"GSE10846","ALL420_SENSITIVITY","GSM361239;GSM361240;GSM361241;GSM361242;GSM361243;GSM361244","STANDARD_MCP_COUNTER","immune_cold_exclusion","Immune-cold / exclusion-associated program","NK cells",420,0.297014317531689,0.207215575089274,0.381849833520855,0.375782499576852
"GSE10846","ALL420_SENSITIVITY","GSM361239;GSM361240;GSM361241;GSM361242;GSM361243;GSM361244","STANDARD_MCP_COUNTER","immune_cold_exclusion","Immune-cold / exclusion-associated program","Monocytic lineage",420,0.686166465116564,0.631972475569659,0.733682398375073,0.613972382415514
"GSE10846","ALL420_SENSITIVITY","GSM361239;GSM361240;GSM361241;GSM361242;GSM361243;GSM361244","STANDARD_MCP_COUNTER","immune_cold_exclusion","Immune-cold / exclusion-associated program","Myeloid dendritic cells",420,0.062115992274708,-0.0337726967208115,0.156871539189696,0.0399599819516289
"GSE10846","ALL420_SENSITIVITY","GSM361239;GSM361240;GSM361241;GSM361242;GSM361243;GSM361244","STANDARD_MCP_COUNTER","immune_cold_exclusion","Immune-cold / exclusion-associated program","Neutrophils",420,0.406861717919047,0.323779055470334,0.483717687187902,0.489838660393983
"GSE10846","ALL420_SENSITIVITY","GSM361239;GSM361240;GSM361241;GSM361242;GSM361243;GSM361244","STANDARD_MCP_COUNTER","immune_cold_exclusion","Immune-cold / exclusion-associated program","Endothelial cells",420,0.5237263796286,0.450620984593629,0.589854198907184,0.506723151167847
"GSE10846","ALL420_SENSITIVITY","GSM361239;GSM361240;GSM361241;GSM361242;GSM361243;GSM361244","STANDARD_MCP_COUNTER","immune_cold_exclusion","Immune-cold / exclusion-associated program","Fibroblasts",420,0.690860518633966,0.637302757719582,0.737776273951142,0.645417976940264
"GSE10846","ALL420_SENSITIVITY","GSM361239;GSM361240;GSM361241;GSM361242;GSM361243;GSM361244","STANDARD_MCP_COUNTER","proliferative_cycling","Proliferative / cycling program","T cells",420,-0.465040050008063,-0.536839333792838,-0.386553225225931,-0.520617079972801
"GSE10846","ALL420_SENSITIVITY","GSM361239;GSM361240;GSM361241;GSM361242;GSM361243;GSM361244","STANDARD_MCP_COUNTER","proliferative_cycling","Proliferative / cycling program","CD8 T cells",420,-0.320777404656882,-0.404062837011353,-0.232217252324359,-0.333978947879934
"GSE10846","ALL420_SENSITIVITY","GSM361239;GSM361240;GSM361241;GSM361242;GSM361243;GSM361244","STANDARD_MCP_COUNTER","proliferative_cycling","Proliferative / cycling program","Cytotoxic lymphocytes",420,-0.381833481329088,-0.460689291783079,-0.296996862860365,-0.388267295673632
"GSE10846","ALL420_SENSITIVITY","GSM361239;GSM361240;GSM361241;GSM361242;GSM361243;GSM361244","STANDARD_MCP_COUNTER","proliferative_cycling","Proliferative / cycling program","B lineage",420,0.334745965416402,0.246968706117217,0.417074538265415,0.193692715851674
"GSE10846","ALL420_SENSITIVITY","GSM361239;GSM361240;GSM361241;GSM361242;GSM361243;GSM361244","STANDARD_MCP_COUNTER","proliferative_cycling","Proliferative / cycling program","NK cells",420,-0.275807794161691,-0.361943520321613,-0.185002327502628,-0.229130550626704
"GSE10846","ALL420_SENSITIVITY","GSM361239;GSM361240;GSM361241;GSM361242;GSM361243;GSM361244","STANDARD_MCP_COUNTER","proliferative_cycling","Proliferative / cycling program","Monocytic lineage",420,-0.2674323157145,-0.354059858439941,-0.176254730754777,-0.363893219349316
"GSE10846","ALL420_SENSITIVITY","GSM361239;GSM361240;GSM361241;GSM361242;GSM361243;GSM361244","STANDARD_MCP_COUNTER","proliferative_cycling","Proliferative / cycling program","Myeloid dendritic cells",420,-0.214365453964109,-0.303821364452839,-0.121162816382442,-0.234569223493643
"GSE10846","ALL420_SENSITIVITY","GSM361239;GSM361240;GSM361241;GSM361242;GSM361243;GSM361244","STANDARD_MCP_COUNTER","proliferative_cycling","Proliferative / cycling program","Neutrophils",420,-0.428218661402454,-0.503284352840726,-0.346738443906747,-0.374781552436851
"GSE10846","ALL420_SENSITIVITY","GSM361239;GSM361240;GSM361241;GSM361242;GSM361243;GSM361244","STANDARD_MCP_COUNTER","proliferative_cycling","Proliferative / cycling program","Endothelial cells",420,-0.37808832426176,-0.457234229255376,-0.293000696809217,-0.337173113226265
"GSE10846","ALL420_SENSITIVITY","GSM361239;GSM361240;GSM361241;GSM361242;GSM361243;GSM361244","STANDARD_MCP_COUNTER","proliferative_cycling","Proliferative / cycling program","Fibroblasts",420,-0.24577012178956,-0.333612430737147,-0.153696691265735,-0.273018554526953
"GSE10846","ALL420_SENSITIVITY","GSM361239;GSM361240;GSM361241;GSM361242;GSM361243;GSM361244","GLOBAL_DISJOINT_MARKER_SCORE","macrophage_rich","Macrophage-rich program","B lineage",420,-0.316213671195471,-0.39980440639869,-0.227406549437917,-0.448996390488122
"GSE10846","ALL420_SENSITIVITY","GSM361239;GSM361240;GSM361241;GSM361242;GSM361243;GSM361244","GLOBAL_DISJOINT_MARKER_SCORE","macrophage_rich","Macrophage-rich program","CD8 T cells",0,NA,NA,NA,NA
"GSE10846","ALL420_SENSITIVITY","GSM361239;GSM361240;GSM361241;GSM361242;GSM361243;GSM361244","GLOBAL_DISJOINT_MARKER_SCORE","macrophage_rich","Macrophage-rich program","Cytotoxic lymphocytes",420,0.462504387678912,0.383802014744293,0.534535868433861,0.508299771702625
"GSE10846","ALL420_SENSITIVITY","GSM361239;GSM361240;GSM361241;GSM361242;GSM361243;GSM361244","GLOBAL_DISJOINT_MARKER_SCORE","macrophage_rich","Macrophage-rich program","Endothelial cells",420,0.298414841424187,0.20868585193922,0.383161723829965,0.217529739802542
"GSE10846","ALL420_SENSITIVITY","GSM361239;GSM361240;GSM361241;GSM361242;GSM361243;GSM361244","GLOBAL_DISJOINT_MARKER_SCORE","macrophage_rich","Macrophage-rich program","Fibroblasts",0,NA,NA,NA,NA
"GSE10846","ALL420_SENSITIVITY","GSM361239;GSM361240;GSM361241;GSM361242;GSM361243;GSM361244","GLOBAL_DISJOINT_MARKER_SCORE","macrophage_rich","Macrophage-rich program","Monocytic lineage",420,0.685475032894497,0.631187760131574,0.733079080498947,0.642282390651712
"GSE10846","ALL420_SENSITIVITY","GSM361239;GSM361240;GSM361241;GSM361242;GSM361243;GSM361244","GLOBAL_DISJOINT_MARKER_SCORE","macrophage_rich","Macrophage-rich program","Myeloid dendritic cells",420,0.201055457689246,0.10743439090083,0.291142245291691,0.181034391999307
"GSE10846","ALL420_SENSITIVITY","GSM361239;GSM361240;GSM361241;GSM361242;GSM361243;GSM361244","GLOBAL_DISJOINT_MARKER_SCORE","macrophage_rich","Macrophage-rich program","Neutrophils",420,0.306108042103208,0.216769451520132,0.390361960243201,0.323961344128125
"GSE10846","ALL420_SENSITIVITY","GSM361239;GSM361240;GSM361241;GSM361242;GSM361243;GSM361244","GLOBAL_DISJOINT_MARKER_SCORE","macrophage_rich","Macrophage-rich program","NK cells",420,0.124040603179346,0.0286932159921802,0.21715114712241,0.139659521879376
"GSE10846","ALL420_SENSITIVITY","GSM361239;GSM361240;GSM361241;GSM361242;GSM361243;GSM361244","GLOBAL_DISJOINT_MARKER_SCORE","macrophage_rich","Macrophage-rich program","T cells",420,0.304646353063479,0.215232644353695,0.388994725813026,0.31325898348954
"GSE10846","ALL420_SENSITIVITY","GSM361239;GSM361240;GSM361241;GSM361242;GSM361243;GSM361244","GLOBAL_DISJOINT_MARKER_SCORE","t_cell_inflamed","T cell-inflamed program","B lineage",420,-0.167759690083354,-0.259285441918199,-0.073247549871019,-0.274231875302176
"GSE10846","ALL420_SENSITIVITY","GSM361239;GSM361240;GSM361241;GSM361242;GSM361243;GSM361244","GLOBAL_DISJOINT_MARKER_SCORE","t_cell_inflamed","T cell-inflamed program","CD8 T cells",0,NA,NA,NA,NA
"GSE10846","ALL420_SENSITIVITY","GSM361239;GSM361240;GSM361241;GSM361242;GSM361243;GSM361244","GLOBAL_DISJOINT_MARKER_SCORE","t_cell_inflamed","T cell-inflamed program","Cytotoxic lymphocytes",420,0.677493442853979,0.622137388339824,0.726109215856337,0.726941762708405
"GSE10846","ALL420_SENSITIVITY","GSM361239;GSM361240;GSM361241;GSM361242;GSM361243;GSM361244","GLOBAL_DISJOINT_MARKER_SCORE","t_cell_inflamed","T cell-inflamed program","Endothelial cells",420,0.0586230677282094,-0.0372739738808046,0.153450237805962,0.105258776167341
"GSE10846","ALL420_SENSITIVITY","GSM361239;GSM361240;GSM361241;GSM361242;GSM361243;GSM361244","GLOBAL_DISJOINT_MARKER_SCORE","t_cell_inflamed","T cell-inflamed program","Fibroblasts",0,NA,NA,NA,NA
"GSE10846","ALL420_SENSITIVITY","GSM361239;GSM361240;GSM361241;GSM361242;GSM361243;GSM361244","GLOBAL_DISJOINT_MARKER_SCORE","t_cell_inflamed","T cell-inflamed program","Monocytic lineage",420,0.556925445314218,0.487200945499012,0.619594550189537,0.533610572784264
"GSE10846","ALL420_SENSITIVITY","GSM361239;GSM361240;GSM361241;GSM361242;GSM361243;GSM361244","GLOBAL_DISJOINT_MARKER_SCORE","t_cell_inflamed","T cell-inflamed program","Myeloid dendritic cells",420,0.417480255162403,0.335182100547027,0.493455721929409,0.426125836476235
"GSE10846","ALL420_SENSITIVITY","GSM361239;GSM361240;GSM361241;GSM361242;GSM361243;GSM361244","GLOBAL_DISJOINT_MARKER_SCORE","t_cell_inflamed","T cell-inflamed program","Neutrophils",420,0.275742540840939,0.184934119346862,0.361882146328012,0.317258844194938
"GSE10846","ALL420_SENSITIVITY","GSM361239;GSM361240;GSM361241;GSM361242;GSM361243;GSM361244","GLOBAL_DISJOINT_MARKER_SCORE","t_cell_inflamed","T cell-inflamed program","NK cells",420,0.307445180843619,0.218175695503394,0.391612367445672,0.327808952593674
"GSE10846","ALL420_SENSITIVITY","GSM361239;GSM361240;GSM361241;GSM361242;GSM361243;GSM361244","GLOBAL_DISJOINT_MARKER_SCORE","t_cell_inflamed","T cell-inflamed program","T cells",420,0.788358501237039,0.749186488479499,0.822035077879414,0.818374739733704
"GSE10846","ALL420_SENSITIVITY","GSM361239;GSM361240;GSM361241;GSM361242;GSM361243;GSM361244","GLOBAL_DISJOINT_MARKER_SCORE","antigen_presentation","Immune-inflamed / antigen-presentation program","B lineage",420,-0.00620476363909928,-0.101832256135042,0.0895363484406374,-0.101263774575982
"GSE10846","ALL420_SENSITIVITY","GSM361239;GSM361240;GSM361241;GSM361242;GSM361243;GSM361244","GLOBAL_DISJOINT_MARKER_SCORE","antigen_presentation","Immune-inflamed / antigen-presentation program","CD8 T cells",0,NA,NA,NA,NA
"GSE10846","ALL420_SENSITIVITY","GSM361239;GSM361240;GSM361241;GSM361242;GSM361243;GSM361244","GLOBAL_DISJOINT_MARKER_SCORE","antigen_presentation","Immune-inflamed / antigen-presentation program","Cytotoxic lymphocytes",420,0.447008342179274,0.367019008653499,0.520435542293112,0.476712453018441
"GSE10846","ALL420_SENSITIVITY","GSM361239;GSM361240;GSM361241;GSM361242;GSM361243;GSM361244","GLOBAL_DISJOINT_MARKER_SCORE","antigen_presentation","Immune-inflamed / antigen-presentation program","Endothelial cells",420,-0.00785502396921127,-0.103465208752258,0.0878989961131444,0.0713834626532544
"GSE10846","ALL420_SENSITIVITY","GSM361239;GSM361240;GSM361241;GSM361242;GSM361243;GSM361244","GLOBAL_DISJOINT_MARKER_SCORE","antigen_presentation","Immune-inflamed / antigen-presentation program","Fibroblasts",0,NA,NA,NA,NA
"GSE10846","ALL420_SENSITIVITY","GSM361239;GSM361240;GSM361241;GSM361242;GSM361243;GSM361244","GLOBAL_DISJOINT_MARKER_SCORE","antigen_presentation","Immune-inflamed / antigen-presentation program","Monocytic lineage",420,0.550729851774989,0.48035579054184,0.614058043361064,0.5398558300865
"GSE10846","ALL420_SENSITIVITY","GSM361239;GSM361240;GSM361241;GSM361242;GSM361243;GSM361244","GLOBAL_DISJOINT_MARKER_SCORE","antigen_presentation","Immune-inflamed / antigen-presentation program","Myeloid dendritic cells",420,0.3056961957476,0.21633639502743,0.389976765073023,0.325730061637862
"GSE10846","ALL420_SENSITIVITY","GSM361239;GSM361240;GSM361241;GSM361242;GSM361243;GSM361244","GLOBAL_DISJOINT_MARKER_SCORE","antigen_presentation","Immune-inflamed / antigen-presentation program","Neutrophils",420,0.206202904585059,0.112739428874972,0.296049465449333,0.278368439082502
"GSE10846","ALL420_SENSITIVITY","GSM361239;GSM361240;GSM361241;GSM361242;GSM361243;GSM361244","GLOBAL_DISJOINT_MARKER_SCORE","antigen_presentation","Immune-inflamed / antigen-presentation program","NK cells",420,0.228170356486887,0.135439474974056,0.316938540901836,0.282678311263507
"GSE10846","ALL420_SENSITIVITY","GSM361239;GSM361240;GSM361241;GSM361242;GSM361243;GSM361244","GLOBAL_DISJOINT_MARKER_SCORE","antigen_presentation","Immune-inflamed / antigen-presentation program","T cells",420,0.58033216274952,0.513139241008351,0.640455131687054,0.563441969625678
"GSE10846","ALL420_SENSITIVITY","GSM361239;GSM361240;GSM361241;GSM361242;GSM361243;GSM361244","GLOBAL_DISJOINT_MARKER_SCORE","stromal_fibrotic","Stromal / fibrotic program","B lineage",420,-0.092768989419012,-0.186798752764051,0.00294510637907689,-0.187586097426856
"GSE10846","ALL420_SENSITIVITY","GSM361239;GSM361240;GSM361241;GSM361242;GSM361243;GSM361244","GLOBAL_DISJOINT_MARKER_SCORE","stromal_fibrotic","Stromal / fibrotic program","CD8 T cells",0,NA,NA,NA,NA
"GSE10846","ALL420_SENSITIVITY","GSM361239;GSM361240;GSM361241;GSM361242;GSM361243;GSM361244","GLOBAL_DISJOINT_MARKER_SCORE","stromal_fibrotic","Stromal / fibrotic program","Cytotoxic lymphocytes",420,0.0878662749339508,-0.00788799778958532,0.182023817741598,0.0923286737129219
"GSE10846","ALL420_SENSITIVITY","GSM361239;GSM361240;GSM361241;GSM361242;GSM361243;GSM361244","GLOBAL_DISJOINT_MARKER_SCORE","stromal_fibrotic","Stromal / fibrotic program","Endothelial cells",420,0.622608284648109,0.560300880146613,0.677909051564028,0.594494299854308
"GSE10846","ALL420_SENSITIVITY","GSM361239;GSM361240;GSM361241;GSM361242;GSM361243;GSM361244","GLOBAL_DISJOINT_MARKER_SCORE","stromal_fibrotic","Stromal / fibrotic program","Fibroblasts",0,NA,NA,NA,NA
"GSE10846","ALL420_SENSITIVITY","GSM361239;GSM361240;GSM361241;GSM361242;GSM361243;GSM361244","GLOBAL_DISJOINT_MARKER_SCORE","stromal_fibrotic","Stromal / fibrotic program","Monocytic lineage",420,0.511774571961043,0.437511864672521,0.579103445935676,0.415699311544526
"GSE10846","ALL420_SENSITIVITY","GSM361239;GSM361240;GSM361241;GSM361242;GSM361243;GSM361244","GLOBAL_DISJOINT_MARKER_SCORE","stromal_fibrotic","Stromal / fibrotic program","Myeloid dendritic cells",420,0.0581263960998038,-0.0377716420737057,0.152963565842905,-0.00424751355085427
"GSE10846","ALL420_SENSITIVITY","GSM361239;GSM361240;GSM361241;GSM361242;GSM361243;GSM361244","GLOBAL_DISJOINT_MARKER_SCORE","stromal_fibrotic","Stromal / fibrotic program","Neutrophils",420,0.200310296145027,0.106666857433643,0.290431466750672,0.250300414725383
"GSE10846","ALL420_SENSITIVITY","GSM361239;GSM361240;GSM361241;GSM361242;GSM361243;GSM361244","GLOBAL_DISJOINT_MARKER_SCORE","stromal_fibrotic","Stromal / fibrotic program","NK cells",420,-0.00121498021425705,-0.0968916681467492,0.0944839568510851,0.0308748105957841
"GSE10846","ALL420_SENSITIVITY","GSM361239;GSM361240;GSM361241;GSM361242;GSM361243;GSM361244","GLOBAL_DISJOINT_MARKER_SCORE","stromal_fibrotic","Stromal / fibrotic program","T cells",420,0.0380439824684484,-0.0578545809587377,0.133246869580007,0.0293919709619345
"GSE10846","ALL420_SENSITIVITY","GSM361239;GSM361240;GSM361241;GSM361242;GSM361243;GSM361244","GLOBAL_DISJOINT_MARKER_SCORE","immune_cold_exclusion","Immune-cold / exclusion-associated program","B lineage",420,-0.0291597643542354,-0.124500331238855,0.0667143369916047,-0.0460423730941137
"GSE10846","ALL420_SENSITIVITY","GSM361239;GSM361240;GSM361241;GSM361242;GSM361243;GSM361244","GLOBAL_DISJOINT_MARKER_SCORE","immune_cold_exclusion","Immune-cold / exclusion-associated program","CD8 T cells",0,NA,NA,NA,NA
"GSE10846","ALL420_SENSITIVITY","GSM361239;GSM361240;GSM361241;GSM361242;GSM361243;GSM361244","GLOBAL_DISJOINT_MARKER_SCORE","immune_cold_exclusion","Immune-cold / exclusion-associated program","Cytotoxic lymphocytes",420,0.214188011989864,0.120979561326283,0.303652541148981,0.191195447334088
"GSE10846","ALL420_SENSITIVITY","GSM361239;GSM361240;GSM361241;GSM361242;GSM361243;GSM361244","GLOBAL_DISJOINT_MARKER_SCORE","immune_cold_exclusion","Immune-cold / exclusion-associated program","Endothelial cells",420,0.534914025538389,0.462920583450166,0.599896384814857,0.522882782782215
"GSE10846","ALL420_SENSITIVITY","GSM361239;GSM361240;GSM361241;GSM361242;GSM361243;GSM361244","GLOBAL_DISJOINT_MARKER_SCORE","immune_cold_exclusion","Immune-cold / exclusion-associated program","Fibroblasts",0,NA,NA,NA,NA
"GSE10846","ALL420_SENSITIVITY","GSM361239;GSM361240;GSM361241;GSM361242;GSM361243;GSM361244","GLOBAL_DISJOINT_MARKER_SCORE","immune_cold_exclusion","Immune-cold / exclusion-associated program","Monocytic lineage",420,0.608300390052031,0.54429417911229,0.665265236386349,0.536323092210597
"GSE10846","ALL420_SENSITIVITY","GSM361239;GSM361240;GSM361241;GSM361242;GSM361243;GSM361244","GLOBAL_DISJOINT_MARKER_SCORE","immune_cold_exclusion","Immune-cold / exclusion-associated program","Myeloid dendritic cells",420,0.112591194033022,0.0170873340328132,0.206059143412956,0.0978078107018747
"GSE10846","ALL420_SENSITIVITY","GSM361239;GSM361240;GSM361241;GSM361242;GSM361243;GSM361244","GLOBAL_DISJOINT_MARKER_SCORE","immune_cold_exclusion","Immune-cold / exclusion-associated program","Neutrophils",420,0.448802293316033,0.368959287307284,0.522069965461116,0.533016627078385
"GSE10846","ALL420_SENSITIVITY","GSM361239;GSM361240;GSM361241;GSM361242;GSM361243;GSM361244","GLOBAL_DISJOINT_MARKER_SCORE","immune_cold_exclusion","Immune-cold / exclusion-associated program","NK cells",420,0.307037167516306,0.217746556159304,0.391230852256578,0.385256152245761
"GSE10846","ALL420_SENSITIVITY","GSM361239;GSM361240;GSM361241;GSM361242;GSM361243;GSM361244","GLOBAL_DISJOINT_MARKER_SCORE","immune_cold_exclusion","Immune-cold / exclusion-associated program","T cells",420,0.294996565797808,0.205098042402785,0.379959176021331,0.295615378448048
"GSE10846","ALL420_SENSITIVITY","GSM361239;GSM361240;GSM361241;GSM361242;GSM361243;GSM361244","GLOBAL_DISJOINT_MARKER_SCORE","proliferative_cycling","Proliferative / cycling program","B lineage",420,0.368450000440222,0.282730042285508,0.448331476967135,0.234248007560781
"GSE10846","ALL420_SENSITIVITY","GSM361239;GSM361240;GSM361241;GSM361242;GSM361243;GSM361244","GLOBAL_DISJOINT_MARKER_SCORE","proliferative_cycling","Proliferative / cycling program","CD8 T cells",0,NA,NA,NA,NA
"GSE10846","ALL420_SENSITIVITY","GSM361239;GSM361240;GSM361241;GSM361242;GSM361243;GSM361244","GLOBAL_DISJOINT_MARKER_SCORE","proliferative_cycling","Proliferative / cycling program","Cytotoxic lymphocytes",420,-0.406727692670202,-0.483594653756453,-0.323635282388105,-0.404411103723458
"GSE10846","ALL420_SENSITIVITY","GSM361239;GSM361240;GSM361241;GSM361242;GSM361243;GSM361244","GLOBAL_DISJOINT_MARKER_SCORE","proliferative_cycling","Proliferative / cycling program","Endothelial cells",420,-0.372656504793805,-0.452218901947503,-0.287210102092601,-0.336497210463616
"GSE10846","ALL420_SENSITIVITY","GSM361239;GSM361240;GSM361241;GSM361242;GSM361243;GSM361244","GLOBAL_DISJOINT_MARKER_SCORE","proliferative_cycling","Proliferative / cycling program","Fibroblasts",0,NA,NA,NA,NA
"GSE10846","ALL420_SENSITIVITY","GSM361239;GSM361240;GSM361241;GSM361242;GSM361243;GSM361244","GLOBAL_DISJOINT_MARKER_SCORE","proliferative_cycling","Proliferative / cycling program","Monocytic lineage",420,-0.259481449462981,-0.346564466623225,-0.167963914801471,-0.350529845893198
"GSE10846","ALL420_SENSITIVITY","GSM361239;GSM361240;GSM361241;GSM361242;GSM361243;GSM361244","GLOBAL_DISJOINT_MARKER_SCORE","proliferative_cycling","Proliferative / cycling program","Myeloid dendritic cells",420,-0.245512549662858,-0.333368804419669,-0.153429043301191,-0.275596962405845
"GSE10846","ALL420_SENSITIVITY","GSM361239;GSM361240;GSM361241;GSM361242;GSM361243;GSM361244","GLOBAL_DISJOINT_MARKER_SCORE","proliferative_cycling","Proliferative / cycling program","Neutrophils",420,-0.414206555432937,-0.490455511081575,-0.33166396395348,-0.366336057946555
"GSE10846","ALL420_SENSITIVITY","GSM361239;GSM361240;GSM361241;GSM361242;GSM361243;GSM361244","GLOBAL_DISJOINT_MARKER_SCORE","proliferative_cycling","Proliferative / cycling program","NK cells",420,-0.279890521519845,-0.365782044070883,-0.189271671533152,-0.230971183024199
"GSE10846","ALL420_SENSITIVITY","GSM361239;GSM361240;GSM361241;GSM361242;GSM361243;GSM361244","GLOBAL_DISJOINT_MARKER_SCORE","proliferative_cycling","Proliferative / cycling program","T cells",420,-0.456888557197365,-0.529430481112069,-0.377713771329301,-0.510277917027388
