file,associated_figure_or_analysis,description,generated_by,input_dataset,required_for_reproduction,included_in_github,planned_in_zenodo,SHA256
source_data/01_spatial_scores/all_9_spot_signature_scores_long.csv,Spatial analyses; Supplementary Figure S5,Complete nine-area primary UCell score table,code/spatial/36_wp3_resume_orchestrator_v3.R,GSE276542,FALSE,FALSE,TRUE,b517e94bb847922dd41b939054ead01dc53cafbf4a2616d98db2a8e712aac47c
source_data/02_matched_null/summaries/AREA_GENE_MATCHING_SUMMARIES.csv,Supplementary Figure S5,Matched-random-gene-set detailed output,code/matched_null_depth/04_06p_scientific_execution.R,GSE276542,FALSE,FALSE,TRUE,c718d427e39d5b6f6eb86a94460f7cbaa39a14add2dd98bd0b669815e2d89a87
source_data/02_matched_null/summaries/MATCHED_NULL_EMPIRICAL_TESTS.csv,Supplementary Figure S5,Matched-random-gene-set detailed output,code/matched_null_depth/04_06p_scientific_execution.R,GSE276542,FALSE,FALSE,TRUE,db742adccdc5f32bc2c52852818d1836d6a287440430f858667ed56f129344d0
source_data/02_matched_null/summaries/MATCHED_RANDOM_SET_MEMBERSHIP_PARTITION_MANIFEST.csv,Supplementary Figure S5,Matched-random-gene-set detailed output,code/matched_null_depth/04_06p_scientific_execution.R,GSE276542,FALSE,FALSE,TRUE,43b1e8381561366ef95487b3e007dac7c8f0ba669a800ed05c366156113d161e
source_data/03_depth_adjustment/06P_SEPARATE_FDR_RESULTS.csv,Supplementary Figure S5,Depth-adjusted or residual-permutation detailed output,code/matched_null_depth/04_06p_scientific_execution.R,GSE276542,FALSE,FALSE,TRUE,4753d0103997a1fa69cb2e241523147c727d50f24c5b3ec5c120ffb7d8ea0ced
source_data/03_depth_adjustment/DEPTH_RESIDUAL_PERMUTATION_SUMMARY.csv,Supplementary Figure S5,Depth-adjusted or residual-permutation detailed output,code/matched_null_depth/04_06p_scientific_execution.R,GSE276542,FALSE,FALSE,TRUE,361ddeefec20b3c010a0fb85a30e683360cb3f0aa7b51fb50fdb9e502d963fb3
source_data/03_depth_adjustment/DEPTH_RESIDUAL_SPATIAL_STATISTICS.csv,Supplementary Figure S5,Depth-adjusted or residual-permutation detailed output,code/matched_null_depth/04_06p_scientific_execution.R,GSE276542,FALSE,FALSE,TRUE,c557069dfec957d2168d023db3bef3ecac0eb0d2de521afc461687797a0d9809
source_data/03_depth_adjustment/SPOT_DEPTH_COVARIATES.csv,Supplementary Figure S5,Depth-adjusted or residual-permutation detailed output,code/matched_null_depth/04_06p_scientific_execution.R,GSE276542,FALSE,FALSE,TRUE,fbe85321f06456cd201b6f755a0f541ebd5103dd2194f3d3760c3d5f6f546bea
source_data/04_matching_balance/06Q_ANTIGEN_PRESENTATION_BALANCE_AUDIT.csv,Supplementary Figure S5,Matched-null balance diagnostic,code/matching_balance/01_06q_matching_balance_qc.R,GSE276542,FALSE,FALSE,TRUE,bed39bbe6555ffdd554b813e915ab17fb1d489b5128c97a207a2f062f58e2c86
source_data/04_matching_balance/06Q_AREA_PROGRAM_MATCHING_BALANCE_SUMMARY.csv,Supplementary Figure S5,Matched-null balance diagnostic,code/matching_balance/01_06q_matching_balance_qc.R,GSE276542,FALSE,FALSE,TRUE,25289c0736301d0d72d9a7f11c2414e3cc447cbd4a7018de9b19ee0e9d3ce0e3
source_data/04_matching_balance/06Q_BALANCE_DISTANCE_CORRELATIONS.csv,Supplementary Figure S5,Matched-null balance diagnostic,code/matching_balance/01_06q_matching_balance_qc.R,GSE276542,FALSE,FALSE,TRUE,2ac3ad2cbe96c0692dbc1b794a1661ac31fd851c0421b2e741f7769517c0ebad
source_data/04_matching_balance/06Q_DLBCL_MATCHING_BALANCE_SUMMARY.csv,Supplementary Figure S5,Matched-null balance diagnostic,code/matching_balance/01_06q_matching_balance_qc.R,GSE276542,FALSE,FALSE,TRUE,8c2636cf48e9d308815725ffea25543d3f0a7a5f2192547df4e396274519f81a
source_data/04_matching_balance/06Q_PROGRAM_LEVEL_MATCHING_BALANCE_SUMMARY.csv,Supplementary Figure S5,Matched-null balance diagnostic,code/matching_balance/01_06q_matching_balance_qc.R,GSE276542,FALSE,FALSE,TRUE,cda948ea69823d90351f9e37c9f77fbc7ab7ffcfb4e2d521c5d876f14513b88e
source_data/05_orthogonal_TME_benchmark/06R_CROSS_COHORT_CORRELATION_STRUCTURE.csv,Supplementary Tables,Orthogonal microenvironment-abundance benchmark output,code/orthogonal_TME_benchmark/02_06r_orthogonal_tme_benchmark.R,GSE31312; GSE10846; GSE181063,FALSE,FALSE,TRUE,35c7f389d2a958b6c42d75f2e2080151091f23142fa22a24b247980348e46b0a
source_data/05_orthogonal_TME_benchmark/06R_DISJOINT_MARKER_SCORES_LONG.csv,Supplementary Tables,Orthogonal microenvironment-abundance benchmark output,code/orthogonal_TME_benchmark/02_06r_orthogonal_tme_benchmark.R,GSE31312; GSE10846; GSE181063,FALSE,FALSE,TRUE,40f0661414a945993c13ccc96f156d627a02d88988e5da84f865e8408b9b0fae
source_data/05_orthogonal_TME_benchmark/06R_DISJOINT_MCP_PROGRAM_CORRELATIONS.csv,Supplementary Tables,Orthogonal microenvironment-abundance benchmark output,code/orthogonal_TME_benchmark/02_06r_orthogonal_tme_benchmark.R,GSE31312; GSE10846; GSE181063,FALSE,FALSE,TRUE,dd2b2422c389dcf22b2967503a19ddb99c872559c90ed1d1867189903ba304b5
source_data/05_orthogonal_TME_benchmark/06R_GSE10846_ALL420_SENSITIVITY.csv,Supplementary Tables,Orthogonal microenvironment-abundance benchmark output,code/orthogonal_TME_benchmark/02_06r_orthogonal_tme_benchmark.R,GSE31312; GSE10846; GSE181063,FALSE,FALSE,TRUE,9ebc726f58f834155e931997a00d5a9e82cc05365186499759b04b354a58ac27
source_data/05_orthogonal_TME_benchmark/06R_MCP_GLOBAL_DISJOINT_MARKER_SET_SUMMARY.csv,Supplementary Tables,Orthogonal microenvironment-abundance benchmark output,code/orthogonal_TME_benchmark/02_06r_orthogonal_tme_benchmark.R,GSE31312; GSE10846; GSE181063,FALSE,FALSE,TRUE,3db16a136c159b01c86a699499b46b22027e0f09f8f7b66a7ed6fa5afcdd21b8
source_data/05_orthogonal_TME_benchmark/06R_MCP_MARKER_SETS_STANDARD.csv,Supplementary Tables,Orthogonal microenvironment-abundance benchmark output,code/orthogonal_TME_benchmark/02_06r_orthogonal_tme_benchmark.R,GSE31312; GSE10846; GSE181063,FALSE,FALSE,TRUE,854b85e31910ec9a3f459c538a9849aeda9690260adbd1b4677c0b5f49b24d51
source_data/05_orthogonal_TME_benchmark/06R_MCP_PROGRAM_GENE_OVERLAP.csv,Supplementary Tables,Orthogonal microenvironment-abundance benchmark output,code/orthogonal_TME_benchmark/02_06r_orthogonal_tme_benchmark.R,GSE31312; GSE10846; GSE181063,FALSE,FALSE,TRUE,552e1157fe629d1501bf67d73ba5b1c492de7a158146059da6a856e195919470
source_data/05_orthogonal_TME_benchmark/06R_PROGRAM_ABUNDANCE_10FOLD_CV.csv,Supplementary Tables,Orthogonal microenvironment-abundance benchmark output,code/orthogonal_TME_benchmark/02_06r_orthogonal_tme_benchmark.R,GSE31312; GSE10846; GSE181063,FALSE,FALSE,TRUE,e03a63fef8b26323333f4477cdc6bd39dbb2afc8b2f6865bd31eec067b60140c
source_data/05_orthogonal_TME_benchmark/06R_PROGRAM_ABUNDANCE_OOF_PREDICTIONS.csv,Supplementary Tables,Orthogonal microenvironment-abundance benchmark output,code/orthogonal_TME_benchmark/02_06r_orthogonal_tme_benchmark.R,GSE31312; GSE10846; GSE181063,FALSE,FALSE,TRUE,575d6c5ccac32023e75fae67bae3101e979795b33edfae4b6fedc45a3ced097c
source_data/05_orthogonal_TME_benchmark/06R_PROGRAM_ABUNDANCE_PREDICTABILITY.csv,Supplementary Tables,Orthogonal microenvironment-abundance benchmark output,code/orthogonal_TME_benchmark/02_06r_orthogonal_tme_benchmark.R,GSE31312; GSE10846; GSE181063,FALSE,FALSE,TRUE,b6205eb0104ce25efcffb0483714e6b1a9351eb0e64890f7106321492d89d526
source_data/05_orthogonal_TME_benchmark/06R_STANDARD_MCP_PROGRAM_CORRELATIONS.csv,Supplementary Tables,Orthogonal microenvironment-abundance benchmark output,code/orthogonal_TME_benchmark/02_06r_orthogonal_tme_benchmark.R,GSE31312; GSE10846; GSE181063,FALSE,FALSE,TRUE,91d375ddd19822e3aeeb024c2d92d89733ee63c6f57262b317934f4b8a7d5a9b
source_data/05_orthogonal_TME_benchmark/06R_STANDARD_MCP_SCORES_LONG.csv,Supplementary Tables,Orthogonal microenvironment-abundance benchmark output,code/orthogonal_TME_benchmark/02_06r_orthogonal_tme_benchmark.R,GSE31312; GSE10846; GSE181063,FALSE,FALSE,TRUE,d143d1eb71a073bbdad5ad0a75da5378c15902e3390f51b64761bac7f787664e
source_data/figure_rendering/Figure_1/canonical_programs_v2.csv,Figure 1,Recorded program-membership table or Figure 1 source data,code/table_figure_generation/plot_figure1_panel_b_integrity_repair.R,GSE31312 and project-defined composite programs,TRUE,TRUE,FALSE,4efbf4c703da482c859cf27375b39dff66b8d94adf9aa5b29183da802a72ec1f
source_data/figure_rendering/Figure_1/source_S2A_memberships_export_2026-07-30.csv,Figure 1,Recorded program-membership table or Figure 1 source data,code/table_figure_generation/plot_figure1_panel_b_integrity_repair.R,GSE31312 and project-defined composite programs,FALSE,FALSE,TRUE,006f4cbc70a9c7522f1632b0d19bc0818aa97fa853834885e5db98f80125d7db
source_data/figure_rendering/Figure_1/spatial_niche_signatures.xlsx,Figure 1,Recorded program-membership table or Figure 1 source data,code/table_figure_generation/plot_figure1_panel_b_integrity_repair.R,GSE31312 and project-defined composite programs,FALSE,FALSE,TRUE,6038a39152782385259fbf55faf9527ac8bf4c0926fbe8027a9549405a118bd0
source_data/figure_rendering/Figure_2/GSE31312_COO_metadata.csv,Figure 2,"GSE31312 continuous-score, PCA, COO, or statistical source data",code/table_figure_generation/plot_Figure_2_CONTINUOUS_MODEL_FINAL.R,GSE31312,TRUE,TRUE,FALSE,bd5b4668d983aad64f9ae0f0cb0e25d4090db618cac15838e0f52119f8b947e8
source_data/figure_rendering/Figure_2/GSE31312_COO_niche_score_kruskal_test.csv,Figure 2,"GSE31312 continuous-score, PCA, COO, or statistical source data",code/table_figure_generation/plot_Figure_2_CONTINUOUS_MODEL_FINAL.R,GSE31312,TRUE,TRUE,FALSE,9cf679b503c67e9cbd0d6dbbaf50e9187607e7c4ff9b397aa41b9642260a6d3b
source_data/figure_rendering/Figure_2/GSE31312_primary_score_matrix_498x6.csv,Figure 2,"GSE31312 continuous-score, PCA, COO, or statistical source data",code/table_figure_generation/plot_Figure_2_CONTINUOUS_MODEL_FINAL.R,GSE31312,TRUE,TRUE,FALSE,e37132340336ac698a73a00229f9d045016c1653870c68276d77bacef15de55a
source_data/figure_rendering/Figure_2/PCA_SAMPLE_COORDINATES.csv,Figure 2,"GSE31312 continuous-score, PCA, COO, or statistical source data",code/table_figure_generation/plot_Figure_2_CONTINUOUS_MODEL_FINAL.R,GSE31312,TRUE,TRUE,FALSE,6e5c5573cc9f2fd998740aa2ef7275b1d8cc5d3ebdfb398a30b39baa0f87571e
source_data/figure_rendering/Figure_3/ALL_VARIANT_K_THRESHOLD_FAILURE_MATRIX.csv,Figure 3 and Supplementary Figure S2,Continuous geometry and candidate-k adjudication source data,code/table_figure_generation/plot_Figure_3_CONTINUOUS_GEOMETRY_AND_K_ADJUDICATION_FINAL_V2.R,GSE31312,TRUE,TRUE,FALSE,e42a849363aafa7db058ff3adf20a1b7b198154893a69dccb82dcc081756d4cf
source_data/figure_rendering/Figure_3/BOOTSTRAP_FAILURE_DISTRIBUTION_SUMMARY.csv,Figure 3 and Supplementary Figure S2,Continuous geometry and candidate-k adjudication source data,code/table_figure_generation/plot_Figure_3_CONTINUOUS_GEOMETRY_AND_K_ADJUDICATION_FINAL_V2.R,GSE31312,TRUE,TRUE,FALSE,4377ff4e3bee76037cb530fc0bcce1a1c4fa34156328e8e22956bc5785d4d09d
source_data/figure_rendering/Figure_3/FIGURE3_EXPLAINED_VARIANCE_USED.csv,Figure 3 and Supplementary Figure S2,Continuous geometry and candidate-k adjudication source data,code/table_figure_generation/plot_Figure_3_CONTINUOUS_GEOMETRY_AND_K_ADJUDICATION_FINAL_V2.R,GSE31312,FALSE,FALSE,TRUE,c032ba1ee5b8f9341b3a14eb96ddf1294cf0529c7440c63f9876524f2cd7c073
source_data/figure_rendering/Figure_3/FIGURE3_FINAL_DECISION_USED.csv,Figure 3 and Supplementary Figure S2,Continuous geometry and candidate-k adjudication source data,code/table_figure_generation/plot_Figure_3_CONTINUOUS_GEOMETRY_AND_K_ADJUDICATION_FINAL_V2.R,GSE31312,TRUE,TRUE,FALSE,06670946087c41a732c512d7408ae9a30a76d936b80e0b2fdd34ae1b832eed1c
source_data/figure_rendering/Figure_3/FIGURE3_INPUT_MANIFEST_SHA256.csv,Figure 3 and Supplementary Figure S2,Continuous geometry and candidate-k adjudication source data,code/table_figure_generation/plot_Figure_3_CONTINUOUS_GEOMETRY_AND_K_ADJUDICATION_FINAL_V2.R,GSE31312,FALSE,FALSE,TRUE,b88357774c9125425596e4384e820656d291054726929a532aa2a66c139b80cd
source_data/figure_rendering/Figure_3/FIGURE3_PRIMARY_K_ADJUDICATION_USED.csv,Figure 3 and Supplementary Figure S2,Continuous geometry and candidate-k adjudication source data,code/table_figure_generation/plot_Figure_3_CONTINUOUS_GEOMETRY_AND_K_ADJUDICATION_FINAL_V2.R,GSE31312,FALSE,FALSE,TRUE,4e92174bdf71aecebb7e81be22a45cc964369c667aa196f3136e5ccda4706031
source_data/figure_rendering/Figure_3/FIGURE3_PRIMARY_K_FAILURE_COUNTS.csv,Figure 3 and Supplementary Figure S2,Continuous geometry and candidate-k adjudication source data,code/table_figure_generation/plot_Figure_3_CONTINUOUS_GEOMETRY_AND_K_ADJUDICATION_FINAL_V2.R,GSE31312,FALSE,FALSE,TRUE,c379813d5d2f061bbe5fe535903c47f80619585ed451c9ba7ce0b2656233e5cb
source_data/figure_rendering/Figure_3/FIGURE3_PROGRAM_PC_ASSOCIATIONS_USED.csv,Figure 3 and Supplementary Figure S2,Continuous geometry and candidate-k adjudication source data,code/table_figure_generation/plot_Figure_3_CONTINUOUS_GEOMETRY_AND_K_ADJUDICATION_FINAL_V2.R,GSE31312,FALSE,FALSE,TRUE,a5111b0792691c3608309b663bf1ee65bd1ae24dfa064822038bef7a6092ab1b
source_data/figure_rendering/Figure_3/FIGURE3_SENSITIVITY_VARIANT_ADJUDICATION.csv,Figure 3 and Supplementary Figure S2,Continuous geometry and candidate-k adjudication source data,code/table_figure_generation/plot_Figure_3_CONTINUOUS_GEOMETRY_AND_K_ADJUDICATION_FINAL_V2.R,GSE31312,FALSE,FALSE,TRUE,e42a849363aafa7db058ff3adf20a1b7b198154893a69dccb82dcc081756d4cf
source_data/figure_rendering/Figure_3/FINAL_K_MODEL_FORM_ADJUDICATION_RULES.md,Figure 3 and Supplementary Figure S2,Continuous geometry and candidate-k adjudication source data,code/table_figure_generation/plot_Figure_3_CONTINUOUS_GEOMETRY_AND_K_ADJUDICATION_FINAL_V2.R,GSE31312,TRUE,TRUE,FALSE,69d5be65a49664e161c4e68f75479703acc38e217b0017e9ab2944e7486eed63
source_data/figure_rendering/Figure_3/Figure_3_CONTINUOUS_GEOMETRY_AND_K_ADJUDICATION_FINAL.pdf,Figure 3 and Supplementary Figure S2,Continuous geometry and candidate-k adjudication source data,code/table_figure_generation/plot_Figure_3_CONTINUOUS_GEOMETRY_AND_K_ADJUDICATION_FINAL_V2.R,GSE31312,FALSE,FALSE,TRUE,ed593ff805cea2f0c012bbd380ba244e3a32acee1dea9d9d05901050a3c48138
source_data/figure_rendering/Figure_3/Figure_3_CONTINUOUS_GEOMETRY_AND_K_ADJUDICATION_FINAL_600dpi.tiff,Figure 3 and Supplementary Figure S2,Continuous geometry and candidate-k adjudication source data,code/table_figure_generation/plot_Figure_3_CONTINUOUS_GEOMETRY_AND_K_ADJUDICATION_FINAL_V2.R,GSE31312,FALSE,FALSE,TRUE,1b563d0e16c90a465215b4bb0dbcd128327e197c0472cb5445b509adfedfc1b4
source_data/figure_rendering/Figure_3/Figure_3_CONTINUOUS_GEOMETRY_AND_K_ADJUDICATION_FINAL_preview.png,Figure 3 and Supplementary Figure S2,Continuous geometry and candidate-k adjudication source data,code/table_figure_generation/plot_Figure_3_CONTINUOUS_GEOMETRY_AND_K_ADJUDICATION_FINAL_V2.R,GSE31312,FALSE,FALSE,TRUE,9bd1693cd5dcabffb87574de812557d771918346af9d6ef6515549eb3b5b61af
source_data/figure_rendering/Figure_3/Figure_3_LEGEND_FINAL.md,Figure 3 and Supplementary Figure S2,Continuous geometry and candidate-k adjudication source data,code/table_figure_generation/plot_Figure_3_CONTINUOUS_GEOMETRY_AND_K_ADJUDICATION_FINAL_V2.R,GSE31312,FALSE,FALSE,TRUE,e4945bf964a9c489a14fca2ae4c83e1cb6ef9aa606f383f3a08102efddebce51
source_data/figure_rendering/Figure_3/GSE31312_primary_score_matrix_498x6.csv,Figure 3 and Supplementary Figure S2,Continuous geometry and candidate-k adjudication source data,code/table_figure_generation/plot_Figure_3_CONTINUOUS_GEOMETRY_AND_K_ADJUDICATION_FINAL_V2.R,GSE31312,FALSE,FALSE,TRUE,e37132340336ac698a73a00229f9d045016c1653870c68276d77bacef15de55a
source_data/figure_rendering/Figure_3/PCA_EXPLAINED_VARIANCE.csv,Figure 3 and Supplementary Figure S2,Continuous geometry and candidate-k adjudication source data,code/table_figure_generation/plot_Figure_3_CONTINUOUS_GEOMETRY_AND_K_ADJUDICATION_FINAL_V2.R,GSE31312,TRUE,TRUE,FALSE,c032ba1ee5b8f9341b3a14eb96ddf1294cf0529c7440c63f9876524f2cd7c073
source_data/figure_rendering/Figure_3/PCA_PROGRAM_LOADINGS.csv,Figure 3 and Supplementary Figure S2,Continuous geometry and candidate-k adjudication source data,code/table_figure_generation/plot_Figure_3_CONTINUOUS_GEOMETRY_AND_K_ADJUDICATION_FINAL_V2.R,GSE31312,TRUE,TRUE,FALSE,7e55483c3f6fde0798476915ee57f73976bd479848075d0c98319415fd2491e1
source_data/figure_rendering/Figure_3/PCA_SAMPLE_COORDINATES.csv,Figure 3 and Supplementary Figure S2,Continuous geometry and candidate-k adjudication source data,code/table_figure_generation/plot_Figure_3_CONTINUOUS_GEOMETRY_AND_K_ADJUDICATION_FINAL_V2.R,GSE31312,FALSE,FALSE,TRUE,6e5c5573cc9f2fd998740aa2ef7275b1d8cc5d3ebdfb398a30b39baa0f87571e
source_data/figure_rendering/Figure_3/PRIMARY_K2_K6_THRESHOLD_DECOMPOSITION.csv,Figure 3 and Supplementary Figure S2,Continuous geometry and candidate-k adjudication source data,code/table_figure_generation/plot_Figure_3_CONTINUOUS_GEOMETRY_AND_K_ADJUDICATION_FINAL_V2.R,GSE31312,TRUE,TRUE,FALSE,4e92174bdf71aecebb7e81be22a45cc964369c667aa196f3136e5ccda4706031
source_data/figure_rendering/Figure_3/STAGE4C2_FINAL_K_MODEL_FORM_ADJUDICATION_REPORT.md,Figure 3 and Supplementary Figure S2,Continuous geometry and candidate-k adjudication source data,code/table_figure_generation/plot_Figure_3_CONTINUOUS_GEOMETRY_AND_K_ADJUDICATION_FINAL_V2.R,GSE31312,FALSE,FALSE,TRUE,53464fd6e0db0d983b1772333f2b983d2f52d566a33473d4782196f16bf011a4
source_data/figure_rendering/Figure_3/THRESHOLD_FAILURE_FREQUENCY_BY_K.csv,Figure 3 and Supplementary Figure S2,Continuous geometry and candidate-k adjudication source data,code/table_figure_generation/plot_Figure_3_CONTINUOUS_GEOMETRY_AND_K_ADJUDICATION_FINAL_V2.R,GSE31312,TRUE,TRUE,FALSE,3545abd35bb1a4c66df3832ec72086aa5c572238aaa3aee5fcc372e77f46dd9d
source_data/figure_rendering/Figure_3/WP1_PROGRAM_PC_PEARSON_CORRELATIONS.csv,Figure 3 and Supplementary Figure S2,Continuous geometry and candidate-k adjudication source data,code/table_figure_generation/plot_Figure_3_CONTINUOUS_GEOMETRY_AND_K_ADJUDICATION_FINAL_V2.R,GSE31312,TRUE,TRUE,FALSE,889efdfd2b78fdda22919b641407ae58f74cb82e298ef1ee6da95b3e790e37a4
source_data/figure_rendering/Figure_4/GSE10846_PRIMARY_PEARSON_CORRELATION_MATRIX.csv,Figure 4,External continuous-replication source data,code/table_figure_generation/plot_Figure_4_EXTERNAL_CONTINUOUS_REPLICATION_FINAL.R,GSE31312; GSE10846; GSE181063,TRUE,TRUE,FALSE,f3156d20e69703984131907c3c1bbd9b90047b73f3e5f61176c7fd8be106a0b9
source_data/figure_rendering/Figure_4/GSE10846_PRIMARY_SIX_PROGRAM_SCORES.csv,Figure 4,External continuous-replication source data,code/table_figure_generation/plot_Figure_4_EXTERNAL_CONTINUOUS_REPLICATION_FINAL.R,GSE31312; GSE10846; GSE181063,FALSE,FALSE,TRUE,c36e23c2c79b0ebee6c58c1fd771595d44521edf9f8162d53862afa7c86c6af1
source_data/figure_rendering/Figure_4/GSE181063_PRIMARY_PEARSON_CORRELATION_MATRIX.csv,Figure 4,External continuous-replication source data,code/table_figure_generation/plot_Figure_4_EXTERNAL_CONTINUOUS_REPLICATION_FINAL.R,GSE31312; GSE10846; GSE181063,TRUE,TRUE,FALSE,8479411d0eb3324db37f904f5c99a90b19131802551ecab454c8f53908e58645
source_data/figure_rendering/Figure_4/GSE181063_PRIMARY_SIX_PROGRAM_SCORES.csv,Figure 4,External continuous-replication source data,code/table_figure_generation/plot_Figure_4_EXTERNAL_CONTINUOUS_REPLICATION_FINAL.R,GSE31312; GSE10846; GSE181063,FALSE,FALSE,TRUE,e541be634441a1025776c2bc9c3e0ddf6872d9e53736dae274043b13bf723b7d
source_data/figure_rendering/Figure_4/GSE31312_PEARSON_CORRELATION_MATRIX.csv,Figure 4,External continuous-replication source data,code/table_figure_generation/plot_Figure_4_EXTERNAL_CONTINUOUS_REPLICATION_FINAL.R,GSE31312; GSE10846; GSE181063,TRUE,TRUE,FALSE,882d67ad6361b8a7e52a058eb406eec0a87a5bd8efb5969964c1c36bf44f1588
source_data/figure_rendering/Figure_4/WP2_CROSS_COHORT_INTEGRATION_SUMMARY.csv,Figure 4,External continuous-replication source data,code/table_figure_generation/plot_Figure_4_EXTERNAL_CONTINUOUS_REPLICATION_FINAL.R,GSE31312; GSE10846; GSE181063,TRUE,TRUE,FALSE,8be16ab88003286458b297189ed133cff3bdc78fd8a2a0b41db4e3cdbfa927f8
source_data/figure_rendering/Figure_4/WP2_EXTERNAL_CONTINUOUS_VALIDATION_REPORT.md,Figure 4,External continuous-replication source data,code/table_figure_generation/plot_Figure_4_EXTERNAL_CONTINUOUS_REPLICATION_FINAL.R,GSE31312; GSE10846; GSE181063,FALSE,FALSE,TRUE,caca4921c4c051664c3ed3520a52a36a89667cc8d6abefdf6da75ba06f462ac3
source_data/figure_rendering/Figure_4/WP2_FINAL_FILE_MANIFEST_V2.csv,Figure 4,External continuous-replication source data,code/table_figure_generation/plot_Figure_4_EXTERNAL_CONTINUOUS_REPLICATION_FINAL.R,GSE31312; GSE10846; GSE181063,FALSE,FALSE,TRUE,8fc747e8b76bf78f4930fd700523fb8a4c01cb75754225ed646c0cdd85d3ad9e
source_data/figure_rendering/Figure_4/WP2_FINAL_VALIDATOR_REPORT.txt,Figure 4,External continuous-replication source data,code/table_figure_generation/plot_Figure_4_EXTERNAL_CONTINUOUS_REPLICATION_FINAL.R,GSE31312; GSE10846; GSE181063,FALSE,FALSE,TRUE,d1d8ce1a2a32a41c54c0c9c072f42d8b36cd924ccb0b951b6583454ce38596c4
source_data/figure_rendering/Figure_4/WP2_HUMAN_DECISIONS_FREEZE.csv,Figure 4,External continuous-replication source data,code/table_figure_generation/plot_Figure_4_EXTERNAL_CONTINUOUS_REPLICATION_FINAL.R,GSE31312; GSE10846; GSE181063,FALSE,FALSE,TRUE,a822077eabed24272b7304554176499c7740bace3e74c52bca35ecec6cbb7cc6
source_data/figure_rendering/Figure_4/WP2_POSTRUN_PREFLIGHT_REPORT_V2.txt,Figure 4,External continuous-replication source data,code/table_figure_generation/plot_Figure_4_EXTERNAL_CONTINUOUS_REPLICATION_FINAL.R,GSE31312; GSE10846; GSE181063,FALSE,FALSE,TRUE,24d6090f89963e1357c997640f73faac34b97a5313f388be0666b84e9c0b4741
source_data/figure_rendering/Figure_4/WP2_PRIMARY_CORRELATION_EDGES_LONG.csv,Figure 4,External continuous-replication source data,code/table_figure_generation/plot_Figure_4_EXTERNAL_CONTINUOUS_REPLICATION_FINAL.R,GSE31312; GSE10846; GSE181063,TRUE,TRUE,FALSE,ec40e6ddd6ec859d0895600e167ce90a709192a4fa2d3f09262162c02658aeb6
source_data/figure_rendering/Figure_4/WP2_STRUCTURAL_REPLICATION_POINT_ESTIMATES.csv,Figure 4,External continuous-replication source data,code/table_figure_generation/plot_Figure_4_EXTERNAL_CONTINUOUS_REPLICATION_FINAL.R,GSE31312; GSE10846; GSE181063,TRUE,TRUE,FALSE,198e4f7e8feac1ab1071e99b6505a008b0cb1fe5a405e38ffba0c98422330f89
source_data/figure_rendering/Figure_6/FIGURE6A_CANONICAL_SPOT_SOURCE_DATA.csv,Figure 6,Spatial continuous-program display or summary authority,code/table_figure_generation/plot_Figure_6_FINAL_SUBMISSION.R,GSE276542,TRUE,TRUE,FALSE,b0c869266911f97f84e5f40a8a41b33e24882af67af907b8e5775bfdac6876f3
source_data/figure_rendering/Figure_6/WP3_ANTIGEN_PRESENTATION_COVERAGE_AND_RESULT_LIMITATION.csv,Figure 6,Spatial continuous-program display or summary authority,code/table_figure_generation/plot_Figure_6_FINAL_SUBMISSION.R,GSE276542,TRUE,TRUE,FALSE,88310f695649af75e3988e1dac5ce29c2f63c0731cbf3d20bd14fc62192d87cf
source_data/figure_rendering/Figure_6/WP3_FINAL_AREA_AUTHORITY_REGISTRY.csv,Figure 6,Spatial continuous-program display or summary authority,code/table_figure_generation/plot_Figure_6_FINAL_SUBMISSION.R,GSE276542,TRUE,TRUE,FALSE,6ce35d08c3b62a78099eb3bbf52595bc07b62fbe9ae130d435b0306bc7892c88
source_data/figure_rendering/Figure_6/WP3_FINAL_BIVARIATE_AUTHORITY.csv,Figure 6,Spatial continuous-program display or summary authority,code/table_figure_generation/plot_Figure_6_FINAL_SUBMISSION.R,GSE276542,TRUE,TRUE,FALSE,acdd0d987ae3113f61d49e1813321bb51853e8fa333c57fd9ee357241366d3fd
source_data/figure_rendering/Figure_6/WP3_FINAL_METHOD_CONCORDANCE_AUTHORITY.csv,Figure 6,Spatial continuous-program display or summary authority,code/table_figure_generation/plot_Figure_6_FINAL_SUBMISSION.R,GSE276542,TRUE,TRUE,FALSE,a321ce59eaf06760137f7529a28801a7445889eaf3b748c903a018f27d8ad3a7
source_data/figure_rendering/Figure_6/WP3_FINAL_MORAN_GEARY_AUTHORITY.csv,Figure 6,Spatial continuous-program display or summary authority,code/table_figure_generation/plot_Figure_6_FINAL_SUBMISSION.R,GSE276542,TRUE,TRUE,FALSE,1a82ed4cb500374f6f4e6c51c870f34945ad1f8bd5e6c1cf177685f9292c5153
source_data/single_cell/FIGURE5_PANEL_A_SOURCE_DATA.csv.gz,Figure 5,"Single-cell UMAP, program-score, lineage, donor, or gene-coverage source data",code/table_figure_generation/plot_Figure_5_SUBMISSION_V2.R,GSE182434,TRUE,TRUE,FALSE,620348d338c3ae3d84403c9cb604677cfb76e106f192785850eea40a787b7e09
source_data/single_cell/FIGURE5_PANEL_B_SOURCE_DATA.csv.gz,Figure 5,"Single-cell UMAP, program-score, lineage, donor, or gene-coverage source data",code/table_figure_generation/plot_Figure_5_SUBMISSION_V2.R,GSE182434,TRUE,TRUE,FALSE,c5e28c026bd878ce5b08fb883e703b2b3e8c459924d84ce958284103b59ad03f
source_data/single_cell/FIGURE5_PANEL_C_SOURCE_DATA.csv,Figure 5,"Single-cell UMAP, program-score, lineage, donor, or gene-coverage source data",code/table_figure_generation/plot_Figure_5_SUBMISSION_V2.R,GSE182434,TRUE,TRUE,FALSE,ad3e11ef7523e9adcb0c6f76995b3a2afbff2e57cf22801e3831c62d3d025f28
source_data/single_cell/FIGURE5_PANEL_D_COVERAGE_QC.csv,Figure 5,"Single-cell UMAP, program-score, lineage, donor, or gene-coverage source data",code/table_figure_generation/plot_Figure_5_SUBMISSION_V2.R,GSE182434,TRUE,TRUE,FALSE,5ebabf2352d1612c1a22d3af74db8d8a2197128e49bf795c24dcb31db6a525cb
source_data/single_cell/FIGURE5_PANEL_D_SOURCE_DATA.csv,Figure 5,"Single-cell UMAP, program-score, lineage, donor, or gene-coverage source data",code/table_figure_generation/plot_Figure_5_SUBMISSION_V2.R,GSE182434,TRUE,TRUE,FALSE,8fbd50f934103413fd204a5d16e2e4690c1b3dc8be16e464392dddf3f5fd59dc
source_data/single_cell/FIGURE5_RAW_UCELL_SCORES.csv.gz,Figure 5,"Single-cell UMAP, program-score, lineage, donor, or gene-coverage source data",code/table_figure_generation/plot_Figure_5_SUBMISSION_V2.R,GSE182434,FALSE,FALSE,TRUE,153993d4894150bcb15efcc73774e24a755077b5df8c53d763c58af61141c7f0
source_data/single_cell/FIGURE5_UCELL_SCORES_WITH_DISPLAY_Z.csv.gz,Figure 5,"Single-cell UMAP, program-score, lineage, donor, or gene-coverage source data",code/table_figure_generation/plot_Figure_5_SUBMISSION_V2.R,GSE182434,FALSE,FALSE,TRUE,ce052a21af685f1d516d9ffec9089b1ad2f76ca6b459bbab5e8b0015e721eabf
source_data/single_cell/FIGURE5_UMAP_COORDINATES.csv.gz,Figure 5,"Single-cell UMAP, program-score, lineage, donor, or gene-coverage source data",code/table_figure_generation/plot_Figure_5_SUBMISSION_V2.R,GSE182434,FALSE,FALSE,TRUE,6939a04dae9d59d6c10c97c67539d0bc658dba83f4d49a080d60af0934e06eb5
source_data/single_cell/GSE182434_canonical_gene_coverage.csv,Figure 5,"Single-cell UMAP, program-score, lineage, donor, or gene-coverage source data",code/table_figure_generation/plot_Figure_5_SUBMISSION_V2.R,GSE182434,TRUE,TRUE,FALSE,ced48ff7c06bb2955d46ecbd633ef5f8ac89ff9b22d78915f1b4c4469278f394
source_data/single_cell/GSE182434_program_coverage_summary.csv,Figure 5,"Single-cell UMAP, program-score, lineage, donor, or gene-coverage source data",code/table_figure_generation/plot_Figure_5_SUBMISSION_V2.R,GSE182434,TRUE,TRUE,FALSE,4bba3a586e7ac5389b585c7190e162a103d5f3f6ecb8b865c02c787985ff1059
supplementary_figures/S1/SUPPLEMENTARY_FIG_S1_FINAL_SOURCE_DATA.xlsx,Supplementary Figure S1,Public source workbook for Supplementary Figure S1,code/supplementary_figure_generation/S1/,GSE31312; GSE10846; GSE181063; GSE182434; GSE276542,TRUE,TRUE,FALSE,9c83ae0acb48dff137936896d91d3c211758cdc21f31a94b542c4af324f2c332
supplementary_figures/S2/SUPPLEMENTARY_FIG_S2_FINAL_SOURCE_DATA.xlsx,Supplementary Figure S2,Public source workbook for Supplementary Figure S2,code/supplementary_figure_generation/S2/,GSE31312,TRUE,TRUE,FALSE,8c969b0415e75558ca492361e879f00be49ec8ef987eca2214964127c298e144
supplementary_figures/S3/SUPPLEMENTARY_FIG_S3_FINAL_SOURCE_DATA.xlsx,Supplementary Figure S3,Public source workbook for Supplementary Figure S3,code/supplementary_figure_generation/S3/,GSE182434,TRUE,TRUE,FALSE,2fd1a5e6231b09c2b3d1ee343f2aa0224440b97a5beda07d159e352957c1f881
supplementary_figures/S4/SUPPLEMENTARY_FIG_S4_FINAL_SOURCE_DATA.xlsx,Supplementary Figure S4,Public source workbook for Supplementary Figure S4,code/supplementary_figure_generation/S4/,GSE276542,TRUE,TRUE,FALSE,a5deb296d99523b28f277d17d35850351a6cbd2a8418fa75a7bface95c0ff0d3
supplementary_figures/S5/SUPPLEMENTARY_FIG_S5_FINAL_SOURCE_DATA.xlsx,Supplementary Figure S5,Public source workbook for Supplementary Figure S5,code/supplementary_figure_generation/S5/,GSE276542,TRUE,TRUE,FALSE,aa840fca9b403060b3a19cdbf1d972ed2e3a7296beb19f3e219bdb2fc8834cae
supplementary_figures/S6/SUPPLEMENTARY_FIG_S6_FINAL_SOURCE_DATA.xlsx,Supplementary Figure S6,Public source workbook for Supplementary Figure S6,code/supplementary_figure_generation/S6/,GSE276542,TRUE,TRUE,FALSE,40e08a8bba5aced429fa5492d72309295d2216b427a72eeaa312f4cbd7ef9a54
supplementary_tables/DLBCL_continuous_model_Supplementary_Tables_FRONTIERS_FINAL_SUBMISSION_READY.xlsx,Supplementary Tables,Final Frontiers submission-ready workbook containing current tabulated authorities,current table-assembly workflow,GSE31312; GSE10846; GSE181063; GSE182434; GSE276542,TRUE,TRUE,FALSE,011f2d253aea9f4e8132bdfed22ed7b425d4b93b619cc1ed2255d7e5195689a1
source_data/final_sensitivity_summaries/program_membership_provenance_132.csv,Final sensitivity summaries,Membership-level provenance for all 132 recorded program memberships,Final supplementary integration source,Project-defined program memberships,TRUE,TRUE,TRUE,3c370bc98d20edc553cec0c36f5d5915b56ccc9c2b15dcd732d29aea836a9f68
source_data/final_sensitivity_summaries/program_provenance_summary.csv,Final sensitivity summaries,Program-level provenance summary,Final supplementary integration source,Project-defined program memberships,TRUE,TRUE,TRUE,9507febc146bb2c0cf84d1a635d3df589ecacf4ffa2f703571967b726ff29035
source_data/final_sensitivity_summaries/k2_k6_retention_and_continuity.csv,Final sensitivity summaries,Candidate-k retention and continuity summary,Final supplementary integration source,GSE31312,TRUE,TRUE,TRUE,727fa0c3e2cca721e2b4103796c12dc460366b828a317e3d61e6ece7f5c4587b
source_data/final_sensitivity_summaries/harmonized_bulk_sensitivity_summary.csv,Final sensitivity summaries,Harmonized bulk-scoring sensitivity summary,Final supplementary integration source,GSE31312; GSE10846; GSE181063,TRUE,TRUE,TRUE,e88e862228dbd852fef6d9b3d006cbf692c27db0063984b4f4d3ddeb55eefafc
source_data/final_sensitivity_summaries/exploratory_continuous_program_os_results.csv,Final sensitivity summaries,Exploratory continuous-program overall-survival results,Final supplementary integration source,GSE10846; GSE181063,TRUE,TRUE,TRUE,7ff923cd922bcaa03228b4f008b8a542fa161e0a0bdf56f24833ee57f93ddb81
source_data/final_sensitivity_summaries/orthogonal_benchmark_summary.csv,Final sensitivity summaries,Orthogonal microenvironment-abundance benchmark summary,Final supplementary integration source,GSE31312; GSE10846; GSE181063,TRUE,TRUE,TRUE,d9cab4094db75da80fbdbf5b94235110624a5d84bda900577cbe6c60be97b027
source_data/final_sensitivity_summaries/spatial_sensitivity_denominators.csv,Final sensitivity summaries,Spatial sensitivity analysis denominators,Final supplementary integration source,GSE276542,TRUE,TRUE,TRUE,1aeddd55c479897a29332981324c0ea2ac14ec658ef6fa9cfef10009a5f677b1
source_data/final_sensitivity_summaries/spatial_assay_coverage.csv,Final sensitivity summaries,Spatial assay and program-gene coverage summary,Final supplementary integration source,GSE276542,TRUE,TRUE,TRUE,4e11576e09abd48d1bcdf6b7cee24f0f83bbb4f2c80f0193c8b2565a989213ea
source_data/final_sensitivity_summaries/shared_gene_memberships.csv,Final sensitivity summaries,Shared cross-program gene memberships,Final supplementary integration source,Project-defined program memberships,TRUE,TRUE,TRUE,b83cb86a8907444d8631b4374d1195c4e9401f650f20e2edb331463dd81d2247
source_data/final_sensitivity_summaries/published_taxonomy_limitation.csv,Final sensitivity summaries,Published-label comparison evaluability and limitation summary,Final supplementary integration source,GSE31312,TRUE,TRUE,TRUE,0e2c53841428426e3a48d8258a5e8dffdc452259f4982f7c039f67bd1dbc1c52
source_data/final_sensitivity_summaries/method_consistency_summary.csv,Final sensitivity summaries,Spatial scoring-method consistency summary,Final supplementary integration source,GSE276542,TRUE,TRUE,TRUE,f1fe6c068ff9ea6c34ac8fb32ab5ae4ac0a1c88d82ac021ff13d902ea5a277c0
figures/Figure 1/Figure 1.tiff,Figure 1,Current final submission-facing artwork,code/table_figure_generation/plot_figure1_panel_b_integrity_repair.R,GSE31312 and project-defined composite programs,TRUE,TRUE,FALSE,3525d821909b6fe1c07562fec8d9fd8233a2104108894872b636fc5ea8acdc17
figures/Figure 2/Figure 2.tiff,Figure 2,Current final submission-facing artwork,code/table_figure_generation/plot_Figure_2_CONTINUOUS_MODEL_FINAL.R,GSE31312,TRUE,TRUE,FALSE,ef71341b78a768232b448fd026ed988f76105f0efbff1b4f908a827db5c349da
figures/Figure 3/Figure 3.tiff,Figure 3,Current final submission-facing artwork,code/table_figure_generation/plot_Figure_3_CONTINUOUS_GEOMETRY_AND_K_ADJUDICATION_FINAL_V2.R,GSE31312,TRUE,TRUE,FALSE,84e6f29bc830f6b0b559bdd9120a41012d5ec9479147fca6d49ec607e216e4aa
figures/Figure 4/Figure 4.tiff,Figure 4,Current final submission-facing artwork,code/table_figure_generation/plot_Figure_4_EXTERNAL_CONTINUOUS_REPLICATION_FINAL.R,GSE31312; GSE10846; GSE181063,TRUE,TRUE,FALSE,d63daea42fa77f2556b8671f3810d95a96e4c8ee79ece6ea9439355b3efdfb05
figures/Figure 5/Figure 5.tiff,Figure 5,Current final submission-facing artwork,code/table_figure_generation/plot_Figure_5_SUBMISSION_V2.R,GSE182434,TRUE,TRUE,FALSE,006aeea141ba0450c5d82eb705abb5d89d89bccdf2c5869327d5e6a4aa09f04a
figures/Figure 6/Figure 6.tiff,Figure 6,Current final submission-facing artwork,code/table_figure_generation/plot_Figure_6_FINAL_SUBMISSION.R,GSE276542,TRUE,TRUE,FALSE,fb51530ee684ff4d59ca5c106269efa33a4bff69bb2ab66d097b6dc91c05c1f1
supplementary_figures/S1/Supplementary_Fig_S1_FINAL_SUBMISSION.tiff,Supplementary Figure S1,Current final submission-facing artwork,code/supplementary_figure_generation/S1/run_s1_s5_correction_stage.py,GSE31312; GSE10846; GSE181063; GSE182434; GSE276542,TRUE,TRUE,FALSE,f0063d219c1ea227541030e357027a071f80c98474ef7a797bb082a3675eafe2
supplementary_figures/S2/Supplementary_Fig_S2_FINAL_SUBMISSION.tiff,Supplementary Figure S2,Current final submission-facing artwork,code/supplementary_figure_generation/S2/plot_supplementary_fig_s2.py,GSE31312,TRUE,TRUE,FALSE,aee71f35afd049184b83053736286227da36146029d86d05f7b7ee2ce5edcaac
supplementary_figures/S3/Supplementary_Fig_S3_FINAL_SUBMISSION.tiff,Supplementary Figure S3,Current final submission-facing artwork,code/supplementary_figure_generation/S3/plot_supplementary_fig_s3.py,GSE182434,TRUE,TRUE,FALSE,614bab8f28e63efdd2e20208ad28b979fb4611b62237ae3ec466ae3c020e8c4a
supplementary_figures/S4/Supplementary_Fig_S4_FINAL_SUBMISSION.tiff,Supplementary Figure S4,Current final submission-facing artwork,code/supplementary_figure_generation/S4/plot_supplementary_fig_s4.py,GSE276542,TRUE,TRUE,FALSE,9d741a7b4dc251d3a02861e8650106f4dac534fd7bbb956c463df1822bb1293a
supplementary_figures/S5/Supplementary_Fig_S5_FINAL_SUBMISSION.tiff,Supplementary Figure S5,Current final submission-facing artwork,code/supplementary_figure_generation/S5/build_s5.py,GSE276542,TRUE,TRUE,FALSE,d63231b433c7f5ea4f5f511ffd2c7310194137b99c3332e375d0855a2ae59f14
supplementary_figures/S6/Supplementary_Fig_S6_FINAL_SUBMISSION.tiff,Supplementary Figure S6,Current final submission-facing artwork,code/supplementary_figure_generation/S6/build_s6_authority_and_figure.py,GSE276542,TRUE,TRUE,FALSE,ddb99019060f14711630e80289e056e7da7e468db6a127e5cede562244474314
