"sample","geo_accession","COO_raw","COO_clean"
"GSM775979","GSM775979","GCB","GCB"
"GSM775980","GSM775980","GCB","GCB"
"GSM775981","GSM775981","GCB","GCB"
"GSM775982","GSM775982","GCB","GCB"
"GSM775983","GSM775983","GCB","GCB"
"GSM775984","GSM775984","ABC","ABC"
"GSM775985","GSM775985","ABC","ABC"
"GSM775986","GSM775986","ABC","ABC"
"GSM775987","GSM775987","ABC","ABC"
"GSM775988","GSM775988","ABC","ABC"
"GSM775989","GSM775989","UC","UC"
"GSM775990","GSM775990","ABC","ABC"
"GSM775991","GSM775991","GCB","GCB"
"GSM775992","GSM775992","GCB","GCB"
"GSM775993","GSM775993","ABC","ABC"
"GSM775994","GSM775994","ABC","ABC"
"GSM775995","GSM775995","GCB","GCB"
"GSM775996","GSM775996","GCB","GCB"
"GSM775997","GSM775997","ABC","ABC"
"GSM775998","GSM775998","ABC","ABC"
"GSM775999","GSM775999","GCB","GCB"
"GSM776000","GSM776000","GCB","GCB"
"GSM776001","GSM776001","GCB","GCB"
"GSM776002","GSM776002","GCB","GCB"
"GSM776003","GSM776003","GCB","GCB"
"GSM776004","GSM776004","GCB","GCB"
"GSM776005","GSM776005","ABC","ABC"
"GSM776006","GSM776006","GCB","GCB"
"GSM776007","GSM776007","ABC","ABC"
"GSM776008","GSM776008","ABC","ABC"
"GSM776009","GSM776009","GCB","GCB"
"GSM776010","GSM776010","ABC","ABC"
"GSM776011","GSM776011","UC","UC"
"GSM776012","GSM776012","GCB","GCB"
"GSM776013","GSM776013","ABC","ABC"
"GSM776014","GSM776014","ABC","ABC"
"GSM776015","GSM776015","GCB","GCB"
"GSM776016","GSM776016","GCB","GCB"
"GSM776017","GSM776017","GCB","GCB"
"GSM776018","GSM776018","GCB","GCB"
"GSM776019","GSM776019","GCB","GCB"
"GSM776020","GSM776020","GCB","GCB"
"GSM776021","GSM776021","GCB","GCB"
"GSM776022","GSM776022","UC","UC"
"GSM776023","GSM776023","GCB","GCB"
"GSM776024","GSM776024","GCB","GCB"
"GSM776025","GSM776025","ABC","ABC"
"GSM776026","GSM776026","GCB","GCB"
"GSM776027","GSM776027","GCB","GCB"
"GSM776028","GSM776028","UC","UC"
"GSM776029","GSM776029","GCB","GCB"
"GSM776030","GSM776030","ABC","ABC"
"GSM776031","GSM776031","ABC","ABC"
"GSM776032","GSM776032","UC","UC"
"GSM776033","GSM776033","ABC","ABC"
"GSM776034","GSM776034","GCB","GCB"
"GSM776035","GSM776035","ABC","ABC"
"GSM776036","GSM776036","GCB","GCB"
"GSM776037","GSM776037","ABC","ABC"
"GSM776038","GSM776038","GCB","GCB"
"GSM776039","GSM776039","GCB","GCB"
"GSM776040","GSM776040","GCB","GCB"
"GSM776041","GSM776041","ABC","ABC"
"GSM776042","GSM776042","ABC","ABC"
"GSM776043","GSM776043","ABC","ABC"
"GSM776044","GSM776044","UC","UC"
"GSM776045","GSM776045","ABC","ABC"
"GSM776046","GSM776046","ABC","ABC"
"GSM776047","GSM776047","ABC","ABC"
"GSM776048","GSM776048","ABC","ABC"
"GSM776049","GSM776049","ABC","ABC"
"GSM776050","GSM776050","ABC","ABC"
"GSM776051","GSM776051","GCB","GCB"
"GSM776052","GSM776052","ABC","ABC"
"GSM776053","GSM776053","GCB","GCB"
"GSM776054","GSM776054","ABC","ABC"
"GSM776055","GSM776055","GCB","GCB"
"GSM776056","GSM776056","ABC","ABC"
"GSM776057","GSM776057","GCB","GCB"
"GSM776058","GSM776058","GCB","GCB"
"GSM776059","GSM776059","ABC","ABC"
"GSM776060","GSM776060","ABC","ABC"
"GSM776061","GSM776061","ABC","ABC"
"GSM776062","GSM776062","UC","UC"
"GSM776063","GSM776063","ABC","ABC"
"GSM776064","GSM776064","ABC","ABC"
"GSM776065","GSM776065","GCB","GCB"
"GSM776066","GSM776066","ABC","ABC"
"GSM776067","GSM776067","ABC","ABC"
"GSM776068","GSM776068","GCB","GCB"
"GSM776069","GSM776069","GCB","GCB"
"GSM776070","GSM776070","GCB","GCB"
"GSM776071","GSM776071","UC","UC"
"GSM776072","GSM776072","GCB","GCB"
"GSM776073","GSM776073","GCB","GCB"
"GSM776074","GSM776074","UC","UC"
"GSM776075","GSM776075","GCB","GCB"
"GSM776076","GSM776076","GCB","GCB"
"GSM776077","GSM776077","ABC","ABC"
"GSM776078","GSM776078","GCB","GCB"
"GSM776079","GSM776079","GCB","GCB"
"GSM776080","GSM776080","ABC","ABC"
"GSM776081","GSM776081","GCB","GCB"
"GSM776082","GSM776082","GCB","GCB"
"GSM776083","GSM776083","GCB","GCB"
"GSM776084","GSM776084","GCB","GCB"
"GSM776085","GSM776085","ABC","ABC"
"GSM776086","GSM776086","GCB","GCB"
"GSM776087","GSM776087","UC","UC"
"GSM776088","GSM776088","GCB","GCB"
"GSM776089","GSM776089","GCB","GCB"
"GSM776090","GSM776090","GCB","GCB"
"GSM776091","GSM776091","GCB","GCB"
"GSM776092","GSM776092","ABC","ABC"
"GSM776093","GSM776093","GCB","GCB"
"GSM776094","GSM776094","ABC","ABC"
"GSM776095","GSM776095","ABC","ABC"
"GSM776096","GSM776096","ABC","ABC"
"GSM776097","GSM776097","ABC","ABC"
"GSM776098","GSM776098","ABC","ABC"
"GSM776099","GSM776099","GCB","GCB"
"GSM776100","GSM776100","ABC","ABC"
"GSM776101","GSM776101","ABC","ABC"
"GSM776102","GSM776102","GCB","GCB"
"GSM776103","GSM776103","ABC","ABC"
"GSM776104","GSM776104","GCB","GCB"
"GSM776105","GSM776105","ABC","ABC"
"GSM776106","GSM776106","GCB","GCB"
"GSM776107","GSM776107","ABC","ABC"
"GSM776108","GSM776108","ABC","ABC"
"GSM776109","GSM776109","UC","UC"
"GSM776110","GSM776110","GCB","GCB"
"GSM776111","GSM776111","UC","UC"
"GSM776112","GSM776112","GCB","GCB"
"GSM776113","GSM776113","ABC","ABC"
"GSM776114","GSM776114","GCB","GCB"
"GSM776115","GSM776115","ABC","ABC"
"GSM776116","GSM776116","GCB","GCB"
"GSM776117","GSM776117","ABC","ABC"
"GSM776118","GSM776118","ABC","ABC"
"GSM776119","GSM776119","GCB","GCB"
"GSM776120","GSM776120","GCB","GCB"
"GSM776121","GSM776121","ABC","ABC"
"GSM776122","GSM776122","ABC","ABC"
"GSM776123","GSM776123","ABC","ABC"
"GSM776124","GSM776124","ABC","ABC"
"GSM776125","GSM776125","ABC","ABC"
"GSM776126","GSM776126","GCB","GCB"
"GSM776127","GSM776127","ABC","ABC"
"GSM776128","GSM776128","GCB","GCB"
"GSM776129","GSM776129","ABC","ABC"
"GSM776130","GSM776130","GCB","GCB"
"GSM776131","GSM776131","GCB","GCB"
"GSM776132","GSM776132","ABC","ABC"
"GSM776133","GSM776133","GCB","GCB"
"GSM776134","GSM776134","GCB","GCB"
"GSM776135","GSM776135","ABC","ABC"
"GSM776136","GSM776136","GCB","GCB"
"GSM776137","GSM776137","UC","UC"
"GSM776138","GSM776138","ABC","ABC"
"GSM776139","GSM776139","ABC","ABC"
"GSM776140","GSM776140","UC","UC"
"GSM776141","GSM776141","GCB","GCB"
"GSM776142","GSM776142","ABC","ABC"
"GSM776143","GSM776143","UC","UC"
"GSM776144","GSM776144","GCB","GCB"
"GSM776145","GSM776145","GCB","GCB"
"GSM776146","GSM776146","ABC","ABC"
"GSM776147","GSM776147","GCB","GCB"
"GSM776148","GSM776148","GCB","GCB"
"GSM776149","GSM776149","GCB","GCB"
"GSM776150","GSM776150","ABC","ABC"
"GSM776151","GSM776151","ABC","ABC"
"GSM776152","GSM776152","ABC","ABC"
"GSM776153","GSM776153","ABC","ABC"
"GSM776154","GSM776154","GCB","GCB"
"GSM776155","GSM776155","ABC","ABC"
"GSM776156","GSM776156","GCB","GCB"
"GSM776157","GSM776157","ABC","ABC"
"GSM776158","GSM776158","ABC","ABC"
"GSM776159","GSM776159","ABC","ABC"
"GSM776160","GSM776160","GCB","GCB"
"GSM776161","GSM776161","GCB","GCB"
"GSM776162","GSM776162","ABC","ABC"
"GSM776163","GSM776163","GCB","GCB"
"GSM776164","GSM776164","GCB","GCB"
"GSM776165","GSM776165","ABC","ABC"
"GSM776166","GSM776166","UC","UC"
"GSM776167","GSM776167","GCB","GCB"
"GSM776168","GSM776168","UC","UC"
"GSM776169","GSM776169","GCB","GCB"
"GSM776170","GSM776170","GCB","GCB"
"GSM776171","GSM776171","GCB","GCB"
"GSM776172","GSM776172","GCB","GCB"
"GSM776173","GSM776173","GCB","GCB"
"GSM776174","GSM776174","ABC","ABC"
"GSM776175","GSM776175","GCB","GCB"
"GSM776176","GSM776176","GCB","GCB"
"GSM776177","GSM776177","GCB","GCB"
"GSM776178","GSM776178","ABC","ABC"
"GSM776179","GSM776179","ABC","ABC"
"GSM776180","GSM776180","GCB","GCB"
"GSM776181","GSM776181","ABC","ABC"
"GSM776182","GSM776182","GCB","GCB"
"GSM776183","GSM776183","GCB","GCB"
"GSM776184","GSM776184","ABC","ABC"
"GSM776185","GSM776185","GCB","GCB"
"GSM776186","GSM776186","ABC","ABC"
"GSM776187","GSM776187","ABC","ABC"
"GSM776188","GSM776188","GCB","GCB"
"GSM776189","GSM776189","GCB","GCB"
"GSM776190","GSM776190","GCB","GCB"
"GSM776191","GSM776191","GCB","GCB"
"GSM776192","GSM776192","GCB","GCB"
"GSM776193","GSM776193","GCB","GCB"
"GSM776194","GSM776194","GCB","GCB"
"GSM776195","GSM776195","GCB","GCB"
"GSM776196","GSM776196","GCB","GCB"
"GSM776197","GSM776197","ABC","ABC"
"GSM776198","GSM776198","ABC","ABC"
"GSM776199","GSM776199","GCB","GCB"
"GSM776200","GSM776200","GCB","GCB"
"GSM776201","GSM776201","ABC","ABC"
"GSM776202","GSM776202","ABC","ABC"
"GSM776203","GSM776203","GCB","GCB"
"GSM776204","GSM776204","GCB","GCB"
"GSM776205","GSM776205","UC","UC"
"GSM776206","GSM776206","ABC","ABC"
"GSM776207","GSM776207","ABC","ABC"
"GSM776208","GSM776208","ABC","ABC"
"GSM776209","GSM776209","GCB","GCB"
"GSM776210","GSM776210","GCB","GCB"
"GSM776211","GSM776211","ABC","ABC"
"GSM776212","GSM776212","UC","UC"
"GSM776213","GSM776213","ABC","ABC"
"GSM776214","GSM776214","GCB","GCB"
"GSM776215","GSM776215","GCB","GCB"
"GSM776216","GSM776216","ABC","ABC"
"GSM776217","GSM776217","ABC","ABC"
"GSM776218","GSM776218","ABC","ABC"
"GSM776219","GSM776219","GCB","GCB"
"GSM776220","GSM776220","UC","UC"
"GSM776221","GSM776221","GCB","GCB"
"GSM776222","GSM776222","UC","UC"
"GSM776223","GSM776223","GCB","GCB"
"GSM776224","GSM776224","ABC","ABC"
"GSM776225","GSM776225","UC","UC"
"GSM776226","GSM776226","GCB","GCB"
"GSM776227","GSM776227","UC","UC"
"GSM776228","GSM776228","GCB","GCB"
"GSM776229","GSM776229","GCB","GCB"
"GSM776230","GSM776230","GCB","GCB"
"GSM776231","GSM776231","GCB","GCB"
"GSM776232","GSM776232","GCB","GCB"
"GSM776233","GSM776233","GCB","GCB"
"GSM776234","GSM776234","ABC","ABC"
"GSM776235","GSM776235","GCB","GCB"
"GSM776236","GSM776236","ABC","ABC"
"GSM776237","GSM776237","ABC","ABC"
"GSM776238","GSM776238","GCB","GCB"
"GSM776239","GSM776239","GCB","GCB"
"GSM776240","GSM776240","GCB","GCB"
"GSM776241","GSM776241","ABC","ABC"
"GSM776242","GSM776242","GCB","GCB"
"GSM776243","GSM776243","GCB","GCB"
"GSM776244","GSM776244","GCB","GCB"
"GSM776245","GSM776245","ABC","ABC"
"GSM776246","GSM776246","GCB","GCB"
"GSM776247","GSM776247","GCB","GCB"
"GSM776248","GSM776248","GCB","GCB"
"GSM776249","GSM776249","ABC","ABC"
"GSM776250","GSM776250","GCB","GCB"
"GSM776251","GSM776251","UC","UC"
"GSM776252","GSM776252","ABC","ABC"
"GSM776253","GSM776253","UC","UC"
"GSM776254","GSM776254","GCB","GCB"
"GSM776255","GSM776255","GCB","GCB"
"GSM776256","GSM776256","ABC","ABC"
"GSM776257","GSM776257","ABC","ABC"
"GSM776258","GSM776258","UC","UC"
"GSM776259","GSM776259","ABC","ABC"
"GSM776260","GSM776260","ABC","ABC"
"GSM776261","GSM776261","UC","UC"
"GSM776262","GSM776262","GCB","GCB"
"GSM776263","GSM776263","GCB","GCB"
"GSM776264","GSM776264","GCB","GCB"
"GSM776265","GSM776265","ABC","ABC"
"GSM776266","GSM776266","ABC","ABC"
"GSM776267","GSM776267","ABC","ABC"
"GSM776268","GSM776268","ABC","ABC"
"GSM776269","GSM776269","ABC","ABC"
"GSM776270","GSM776270","ABC","ABC"
"GSM776271","GSM776271","GCB","GCB"
"GSM776272","GSM776272","ABC","ABC"
"GSM776273","GSM776273","UC","UC"
"GSM776274","GSM776274","ABC","ABC"
"GSM776275","GSM776275","ABC","ABC"
"GSM776276","GSM776276","ABC","ABC"
"GSM776277","GSM776277","UC","UC"
"GSM776278","GSM776278","UC","UC"
"GSM776279","GSM776279","GCB","GCB"
"GSM776280","GSM776280","ABC","ABC"
"GSM776281","GSM776281","UC","UC"
"GSM776282","GSM776282","ABC","ABC"
"GSM776283","GSM776283","ABC","ABC"
"GSM776284","GSM776284","ABC","ABC"
"GSM776285","GSM776285","ABC","ABC"
"GSM776286","GSM776286","ABC","ABC"
"GSM776287","GSM776287","GCB","GCB"
"GSM776288","GSM776288","ABC","ABC"
"GSM776289","GSM776289","ABC","ABC"
"GSM776290","GSM776290","ABC","ABC"
"GSM776291","GSM776291","ABC","ABC"
"GSM776292","GSM776292","ABC","ABC"
"GSM776293","GSM776293","GCB","GCB"
"GSM776294","GSM776294","ABC","ABC"
"GSM776295","GSM776295","ABC","ABC"
"GSM776296","GSM776296","ABC","ABC"
"GSM776297","GSM776297","ABC","ABC"
"GSM776298","GSM776298","ABC","ABC"
"GSM776299","GSM776299","UC","UC"
"GSM776300","GSM776300","ABC","ABC"
"GSM776301","GSM776301","ABC","ABC"
"GSM776302","GSM776302","GCB","GCB"
"GSM776303","GSM776303","GCB","GCB"
"GSM776304","GSM776304","ABC","ABC"
"GSM776305","GSM776305","GCB","GCB"
"GSM776306","GSM776306","GCB","GCB"
"GSM776307","GSM776307","ABC","ABC"
"GSM776308","GSM776308","ABC","ABC"
"GSM776309","GSM776309","ABC","ABC"
"GSM776310","GSM776310","GCB","GCB"
"GSM776311","GSM776311","GCB","GCB"
"GSM776312","GSM776312","GCB","GCB"
"GSM776313","GSM776313","ABC","ABC"
"GSM776314","GSM776314","ABC","ABC"
"GSM776315","GSM776315","GCB","GCB"
"GSM776316","GSM776316","GCB","GCB"
"GSM776317","GSM776317","ABC","ABC"
"GSM776318","GSM776318","ABC","ABC"
"GSM776319","GSM776319","UC","UC"
"GSM776320","GSM776320","GCB","GCB"
"GSM776321","GSM776321","ABC","ABC"
"GSM776322","GSM776322","ABC","ABC"
"GSM776323","GSM776323","ABC","ABC"
"GSM776324","GSM776324","ABC","ABC"
"GSM776325","GSM776325","GCB","GCB"
"GSM776326","GSM776326","GCB","GCB"
"GSM776327","GSM776327","GCB","GCB"
"GSM776328","GSM776328","GCB","GCB"
"GSM776329","GSM776329","GCB","GCB"
"GSM776330","GSM776330","ABC","ABC"
"GSM776331","GSM776331","UC","UC"
"GSM776332","GSM776332","UC","UC"
"GSM776333","GSM776333","GCB","GCB"
"GSM776334","GSM776334","ABC","ABC"
"GSM776335","GSM776335","GCB","GCB"
"GSM776336","GSM776336","GCB","GCB"
"GSM776337","GSM776337","ABC","ABC"
"GSM776338","GSM776338","UC","UC"
"GSM776339","GSM776339","GCB","GCB"
"GSM776340","GSM776340","ABC","ABC"
"GSM776341","GSM776341","ABC","ABC"
"GSM776342","GSM776342","ABC","ABC"
"GSM776343","GSM776343","ABC","ABC"
"GSM776344","GSM776344","GCB","GCB"
"GSM776345","GSM776345","GCB","GCB"
"GSM776346","GSM776346","UC","UC"
"GSM776347","GSM776347","GCB","GCB"
"GSM776348","GSM776348","GCB","GCB"
"GSM776349","GSM776349","ABC","ABC"
"GSM776350","GSM776350","UC","UC"
"GSM776351","GSM776351","UC","UC"
"GSM776352","GSM776352","GCB","GCB"
"GSM776353","GSM776353","GCB","GCB"
"GSM776354","GSM776354","GCB","GCB"
"GSM776355","GSM776355","GCB","GCB"
"GSM776356","GSM776356","ABC","ABC"
"GSM776357","GSM776357","GCB","GCB"
"GSM776358","GSM776358","GCB","GCB"
"GSM776359","GSM776359","UC","UC"
"GSM776360","GSM776360","GCB","GCB"
"GSM776361","GSM776361","GCB","GCB"
"GSM776362","GSM776362","GCB","GCB"
"GSM776363","GSM776363","GCB","GCB"
"GSM776364","GSM776364","GCB","GCB"
"GSM776365","GSM776365","ABC","ABC"
"GSM776366","GSM776366","GCB","GCB"
"GSM776367","GSM776367","ABC","ABC"
"GSM776368","GSM776368","GCB","GCB"
"GSM776369","GSM776369","ABC","ABC"
"GSM776370","GSM776370","GCB","GCB"
"GSM776371","GSM776371","ABC","ABC"
"GSM776372","GSM776372","ABC","ABC"
"GSM776373","GSM776373","ABC","ABC"
"GSM776374","GSM776374","GCB","GCB"
"GSM776375","GSM776375","ABC","ABC"
"GSM776376","GSM776376","GCB","GCB"
"GSM776377","GSM776377","GCB","GCB"
"GSM776378","GSM776378","GCB","GCB"
"GSM776379","GSM776379","GCB","GCB"
"GSM776380","GSM776380","ABC","ABC"
"GSM776381","GSM776381","GCB","GCB"
"GSM776382","GSM776382","ABC","ABC"
"GSM776383","GSM776383","GCB","GCB"
"GSM776384","GSM776384","GCB","GCB"
"GSM776385","GSM776385","GCB","GCB"
"GSM776386","GSM776386","ABC","ABC"
"GSM776387","GSM776387","ABC","ABC"
"GSM776388","GSM776388","GCB","GCB"
"GSM776389","GSM776389","GCB","GCB"
"GSM776390","GSM776390","GCB","GCB"
"GSM776391","GSM776391","GCB","GCB"
"GSM776392","GSM776392","GCB","GCB"
"GSM776393","GSM776393","GCB","GCB"
"GSM776394","GSM776394","GCB","GCB"
"GSM776395","GSM776395","ABC","ABC"
"GSM776396","GSM776396","GCB","GCB"
"GSM776397","GSM776397","UC","UC"
"GSM776398","GSM776398","ABC","ABC"
"GSM776399","GSM776399","ABC","ABC"
"GSM776400","GSM776400","GCB","GCB"
"GSM776401","GSM776401","ABC","ABC"
"GSM776402","GSM776402","ABC","ABC"
"GSM776403","GSM776403","GCB","GCB"
"GSM776404","GSM776404","GCB","GCB"
"GSM776405","GSM776405","GCB","GCB"
"GSM776406","GSM776406","ABC","ABC"
"GSM776407","GSM776407","ABC","ABC"
"GSM776408","GSM776408","ABC","ABC"
"GSM776409","GSM776409","GCB","GCB"
"GSM776410","GSM776410","ABC","ABC"
"GSM776411","GSM776411","ABC","ABC"
"GSM776412","GSM776412","ABC","ABC"
"GSM776413","GSM776413","ABC","ABC"
"GSM776414","GSM776414","GCB","GCB"
"GSM776415","GSM776415","GCB","GCB"
"GSM776416","GSM776416","ABC","ABC"
"GSM776417","GSM776417","ABC","ABC"
"GSM776418","GSM776418","ABC","ABC"
"GSM776419","GSM776419","GCB","GCB"
"GSM776420","GSM776420","ABC","ABC"
"GSM776421","GSM776421","GCB","GCB"
"GSM776422","GSM776422","ABC","ABC"
"GSM776423","GSM776423","GCB","GCB"
"GSM776424","GSM776424","ABC","ABC"
"GSM776425","GSM776425","UC","UC"
"GSM776426","GSM776426","GCB","GCB"
"GSM776427","GSM776427","GCB","GCB"
"GSM776428","GSM776428","GCB","GCB"
"GSM776429","GSM776429","GCB","GCB"
"GSM776430","GSM776430","GCB","GCB"
"GSM776431","GSM776431","GCB","GCB"
"GSM776432","GSM776432","GCB","GCB"
"GSM776433","GSM776433","ABC","ABC"
"GSM776434","GSM776434","GCB","GCB"
"GSM776435","GSM776435","ABC","ABC"
"GSM776436","GSM776436","GCB","GCB"
"GSM776437","GSM776437","GCB","GCB"
"GSM776438","GSM776438","UC","UC"
"GSM776439","GSM776439","ABC","ABC"
"GSM776440","GSM776440","GCB","GCB"
"GSM776441","GSM776441","ABC","ABC"
"GSM776442","GSM776442","ABC","ABC"
"GSM776443","GSM776443","GCB","GCB"
"GSM776444","GSM776444","GCB","GCB"
"GSM776445","GSM776445","GCB","GCB"
"GSM776446","GSM776446","GCB","GCB"
"GSM776447","GSM776447","ABC","ABC"
"GSM776448","GSM776448","ABC","ABC"
"GSM776449","GSM776449","GCB","GCB"
"GSM776450","GSM776450","ABC","ABC"
"GSM776451","GSM776451","ABC","ABC"
"GSM776452","GSM776452","GCB","GCB"
"GSM776453","GSM776453","GCB","GCB"
"GSM776454","GSM776454","ABC","ABC"
"GSM776455","GSM776455","UC","UC"
"GSM776456","GSM776456","UC","UC"
"GSM776457","GSM776457","ABC","ABC"
"GSM776458","GSM776458","GCB","GCB"
"GSM776459","GSM776459","ABC","ABC"
"GSM776460","GSM776460","GCB","GCB"
"GSM776461","GSM776461","GCB","GCB"
"GSM776462","GSM776462","ABC","ABC"
"GSM776463","GSM776463","ABC","ABC"
"GSM776464","GSM776464","ABC","ABC"
"GSM776465","GSM776465","UC","UC"
"GSM776466","GSM776466","ABC","ABC"
"GSM776467","GSM776467","ABC","ABC"
"GSM776468","GSM776468","ABC","ABC"
"GSM776469","GSM776469","GCB","GCB"
"GSM776470","GSM776470","GCB","GCB"
"GSM776471","GSM776471","ABC","ABC"
"GSM776472","GSM776472","ABC","ABC"
"GSM776473","GSM776473","ABC","ABC"
"GSM776474","GSM776474","GCB","GCB"
"GSM776475","GSM776475","UC","UC"
"GSM776476","GSM776476","ABC","ABC"
